TransactionID,DateKey,AccountID,PlanID,EventType,BillingCycle,MonthlyRecurringRevenue,AnnualRecurringRevenue,LicenseSeats
TXN_20001,20250804,ACC_1303,104,Expansion,Monthly Recurring,25000,300000,153
TXN_20002,20250719,ACC_1081,103,Renewal,Annual Prepaid,4999,59988,93
TXN_20003,20260504,ACC_1268,103,Renewal,Monthly Recurring,4999,59988,51
TXN_20004,20260205,ACC_1288,102,Expansion,Annual Prepaid,2998,35976,90
TXN_20005,20260921,ACC_1250,103,New Business,Monthly Recurring,4999,59988,119
TXN_20006,20260422,ACC_1176,104,Churn,Annual Prepaid,-12500,-150000,226
TXN_20007,20260319,ACC_1372,103,Expansion,Annual Prepaid,7498,89976,18
TXN_20008,20250707,ACC_1159,104,New Business,Annual Prepaid,12500,150000,135
TXN_20009,20250702,ACC_1293,103,New Business,Annual Prepaid,4999,59988,43
TXN_20010,20251215,ACC_1015,104,Expansion,Annual Prepaid,18750,225000,214
TXN_20011,20250418,ACC_1161,104,Expansion,Annual Prepaid,18750,225000,231
TXN_20012,20250521,ACC_1170,102,New Business,Annual Prepaid,1499,17988,100
TXN_20013,20250129,ACC_1227,103,Churn,Monthly Recurring,-4999,-59988,225
TXN_20014,20250929,ACC_1318,101,Expansion,Annual Prepaid,998,11976,162
TXN_20015,20250103,ACC_1359,104,Renewal,Annual Prepaid,12500,150000,124
TXN_20016,20251020,ACC_1158,102,New Business,Annual Prepaid,1499,17988,197
TXN_20017,20251210,ACC_1073,103,Expansion,Monthly Recurring,9998,119976,65
TXN_20018,20251115,ACC_1380,102,Churn,Monthly Recurring,-1499,-17988,15
TXN_20019,20260718,ACC_1062,101,Churn,Annual Prepaid,-499,-5988,76
TXN_20020,20250831,ACC_1148,101,Renewal,Annual Prepaid,499,5988,78
TXN_20021,20260521,ACC_1107,102,Expansion,Monthly Recurring,2998,35976,9
TXN_20022,20260605,ACC_1261,102,Churn,Monthly Recurring,-1499,-17988,126
TXN_20023,20260223,ACC_1241,101,New Business,Monthly Recurring,499,5988,66
TXN_20024,20250430,ACC_1145,104,Contraction,Monthly Recurring,-5000,-60000,93
TXN_20025,20260902,ACC_1329,104,Expansion,Monthly Recurring,25000,300000,71
TXN_20026,20250714,ACC_1123,104,Expansion,Monthly Recurring,15625,187500,174
TXN_20027,20250918,ACC_1009,103,Renewal,Monthly Recurring,4999,59988,230
TXN_20028,20250908,ACC_1124,103,New Business,Monthly Recurring,4999,59988,94
TXN_20029,20260816,ACC_1037,104,New Business,Annual Prepaid,12500,150000,49
TXN_20030,20251119,ACC_1224,102,Expansion,Annual Prepaid,2248,26976,209
TXN_20031,20250527,ACC_1237,101,Contraction,Monthly Recurring,-199,-2388,96
TXN_20032,20251229,ACC_1353,103,Contraction,Annual Prepaid,-1999,-23988,185
TXN_20033,20260226,ACC_1170,104,Expansion,Monthly Recurring,25000,300000,49
TXN_20034,20260619,ACC_1314,101,New Business,Annual Prepaid,499,5988,164
TXN_20035,20250323,ACC_1363,101,Renewal,Monthly Recurring,499,5988,210
TXN_20036,20250812,ACC_1077,101,New Business,Annual Prepaid,499,5988,159
TXN_20037,20250811,ACC_1113,101,Renewal,Annual Prepaid,499,5988,196
TXN_20038,20251122,ACC_1344,101,Renewal,Annual Prepaid,499,5988,203
TXN_20039,20260216,ACC_1074,101,Churn,Annual Prepaid,-499,-5988,226
TXN_20040,20260429,ACC_1037,101,Renewal,Annual Prepaid,499,5988,223
TXN_20041,20260205,ACC_1192,101,Renewal,Annual Prepaid,499,5988,197
TXN_20042,20250729,ACC_1022,102,New Business,Monthly Recurring,1499,17988,196
TXN_20043,20250815,ACC_1175,101,Expansion,Annual Prepaid,623,7476,33
TXN_20044,20250320,ACC_1395,101,New Business,Monthly Recurring,499,5988,207
TXN_20045,20260306,ACC_1058,103,Expansion,Monthly Recurring,7498,89976,213
TXN_20046,20250928,ACC_1099,101,Contraction,Monthly Recurring,-199,-2388,161
TXN_20047,20250325,ACC_1075,104,Renewal,Annual Prepaid,12500,150000,31
TXN_20048,20260316,ACC_1195,101,Churn,Annual Prepaid,-499,-5988,25
TXN_20049,20250325,ACC_1303,104,Contraction,Annual Prepaid,-5000,-60000,189
TXN_20050,20260611,ACC_1387,103,Expansion,Annual Prepaid,7498,89976,68
TXN_20051,20250928,ACC_1281,104,Expansion,Monthly Recurring,25000,300000,178
TXN_20052,20260814,ACC_1145,101,Renewal,Annual Prepaid,499,5988,54
TXN_20053,20260620,ACC_1199,103,Renewal,Monthly Recurring,4999,59988,135
TXN_20054,20250725,ACC_1046,103,Expansion,Annual Prepaid,9998,119976,240
TXN_20055,20260516,ACC_1340,104,Expansion,Annual Prepaid,15625,187500,76
TXN_20056,20250313,ACC_1395,104,Expansion,Annual Prepaid,15625,187500,68
TXN_20057,20250615,ACC_1338,102,Churn,Annual Prepaid,-1499,-17988,49
TXN_20058,20260301,ACC_1217,101,Churn,Annual Prepaid,-499,-5988,218
TXN_20059,20260811,ACC_1179,104,New Business,Monthly Recurring,12500,150000,164
TXN_20060,20261022,ACC_1080,102,Expansion,Annual Prepaid,1873,22476,164
TXN_20061,20250813,ACC_1242,104,New Business,Annual Prepaid,12500,150000,209
TXN_20062,20250413,ACC_1077,104,Expansion,Monthly Recurring,18750,225000,94
TXN_20063,20250416,ACC_1174,102,Renewal,Annual Prepaid,1499,17988,53
TXN_20064,20260927,ACC_1360,103,New Business,Annual Prepaid,4999,59988,10
TXN_20065,20260707,ACC_1073,103,Expansion,Monthly Recurring,7498,89976,76
TXN_20066,20251114,ACC_1178,104,Renewal,Annual Prepaid,12500,150000,131
TXN_20067,20260125,ACC_1007,103,Contraction,Monthly Recurring,-1999,-23988,158
TXN_20068,20250114,ACC_1383,103,New Business,Annual Prepaid,4999,59988,16
TXN_20069,20251028,ACC_1087,104,New Business,Annual Prepaid,12500,150000,151
TXN_20070,20260923,ACC_1055,102,New Business,Annual Prepaid,1499,17988,36
TXN_20071,20261024,ACC_1307,104,Expansion,Monthly Recurring,15625,187500,109
TXN_20072,20250204,ACC_1059,103,New Business,Annual Prepaid,4999,59988,186
TXN_20073,20250608,ACC_1207,101,Renewal,Annual Prepaid,499,5988,28
TXN_20074,20260117,ACC_1293,104,Renewal,Monthly Recurring,12500,150000,156
TXN_20075,20260909,ACC_1050,101,Expansion,Monthly Recurring,748,8976,232
TXN_20076,20251022,ACC_1066,103,Contraction,Annual Prepaid,-1999,-23988,119
TXN_20077,20261005,ACC_1186,102,Expansion,Annual Prepaid,1873,22476,25
TXN_20078,20260604,ACC_1399,101,New Business,Annual Prepaid,499,5988,226
TXN_20079,20251130,ACC_1087,102,New Business,Annual Prepaid,1499,17988,41
TXN_20080,20251114,ACC_1325,102,Expansion,Monthly Recurring,2248,26976,115
TXN_20081,20250325,ACC_1014,104,Expansion,Annual Prepaid,18750,225000,149
TXN_20082,20250307,ACC_1379,101,Churn,Monthly Recurring,-499,-5988,9
TXN_20083,20251014,ACC_1164,101,New Business,Annual Prepaid,499,5988,199
TXN_20084,20260828,ACC_1118,102,New Business,Annual Prepaid,1499,17988,98
TXN_20085,20260528,ACC_1361,101,Expansion,Annual Prepaid,623,7476,216
TXN_20086,20250723,ACC_1284,101,Expansion,Monthly Recurring,623,7476,124
TXN_20087,20260912,ACC_1044,104,Expansion,Annual Prepaid,25000,300000,118
TXN_20088,20251020,ACC_1334,102,New Business,Monthly Recurring,1499,17988,33
TXN_20089,20260430,ACC_1001,103,New Business,Monthly Recurring,4999,59988,73
TXN_20090,20250112,ACC_1161,101,Expansion,Annual Prepaid,748,8976,246
TXN_20091,20250805,ACC_1216,103,New Business,Annual Prepaid,4999,59988,189
TXN_20092,20260303,ACC_1039,103,New Business,Annual Prepaid,4999,59988,176
TXN_20093,20260930,ACC_1294,104,New Business,Annual Prepaid,12500,150000,84
TXN_20094,20251207,ACC_1234,104,Renewal,Annual Prepaid,12500,150000,12
TXN_20095,20260510,ACC_1157,104,New Business,Annual Prepaid,12500,150000,38
TXN_20096,20260303,ACC_1193,103,Churn,Annual Prepaid,-4999,-59988,118
TXN_20097,20260811,ACC_1145,102,Contraction,Annual Prepaid,-599,-7188,93
TXN_20098,20250527,ACC_1302,104,Renewal,Monthly Recurring,12500,150000,146
TXN_20099,20260825,ACC_1053,104,Renewal,Annual Prepaid,12500,150000,198
TXN_20100,20250610,ACC_1192,102,New Business,Annual Prepaid,1499,17988,180
TXN_20101,20250608,ACC_1269,101,New Business,Monthly Recurring,499,5988,72
TXN_20102,20261006,ACC_1098,101,Renewal,Annual Prepaid,499,5988,202
TXN_20103,20251231,ACC_1082,101,Renewal,Monthly Recurring,499,5988,92
TXN_20104,20261017,ACC_1310,103,New Business,Annual Prepaid,4999,59988,203
TXN_20105,20260828,ACC_1143,101,Expansion,Annual Prepaid,623,7476,228
TXN_20106,20250924,ACC_1291,104,New Business,Annual Prepaid,12500,150000,114
TXN_20107,20250103,ACC_1330,102,Expansion,Monthly Recurring,1873,22476,52
TXN_20108,20250112,ACC_1117,101,New Business,Annual Prepaid,499,5988,52
TXN_20109,20250212,ACC_1293,103,Expansion,Monthly Recurring,9998,119976,246
TXN_20110,20250121,ACC_1364,103,Expansion,Annual Prepaid,9998,119976,84
TXN_20111,20250220,ACC_1303,101,Contraction,Annual Prepaid,-199,-2388,25
TXN_20112,20251130,ACC_1141,102,New Business,Annual Prepaid,1499,17988,244
TXN_20113,20261031,ACC_1373,104,Renewal,Monthly Recurring,12500,150000,39
TXN_20114,20261101,ACC_1136,104,New Business,Monthly Recurring,12500,150000,181
TXN_20115,20251216,ACC_1077,104,Renewal,Annual Prepaid,12500,150000,99
TXN_20116,20250608,ACC_1108,102,Renewal,Monthly Recurring,1499,17988,60
TXN_20117,20250205,ACC_1241,102,New Business,Annual Prepaid,1499,17988,122
TXN_20118,20260111,ACC_1263,102,Expansion,Annual Prepaid,1873,22476,127
TXN_20119,20251004,ACC_1141,103,Renewal,Monthly Recurring,4999,59988,141
TXN_20120,20260113,ACC_1026,101,Renewal,Annual Prepaid,499,5988,174
TXN_20121,20250603,ACC_1072,104,Expansion,Monthly Recurring,25000,300000,54
TXN_20122,20250616,ACC_1152,103,Contraction,Annual Prepaid,-1999,-23988,150
TXN_20123,20250830,ACC_1164,102,Expansion,Annual Prepaid,1873,22476,231
TXN_20124,20261023,ACC_1108,102,Expansion,Annual Prepaid,1873,22476,41
TXN_20125,20250609,ACC_1143,103,Expansion,Annual Prepaid,9998,119976,82
TXN_20126,20251116,ACC_1077,101,New Business,Annual Prepaid,499,5988,89
TXN_20127,20260929,ACC_1146,103,Expansion,Monthly Recurring,9998,119976,207
TXN_20128,20260803,ACC_1280,104,Renewal,Monthly Recurring,12500,150000,46
TXN_20129,20250205,ACC_1288,103,Renewal,Annual Prepaid,4999,59988,101
TXN_20130,20251219,ACC_1164,103,Expansion,Annual Prepaid,9998,119976,235
TXN_20131,20261004,ACC_1196,101,Expansion,Annual Prepaid,623,7476,164
TXN_20132,20260716,ACC_1149,104,Contraction,Annual Prepaid,-5000,-60000,48
TXN_20133,20250510,ACC_1381,102,New Business,Monthly Recurring,1499,17988,6
TXN_20134,20260416,ACC_1102,101,Churn,Annual Prepaid,-499,-5988,12
TXN_20135,20260329,ACC_1150,104,New Business,Annual Prepaid,12500,150000,35
TXN_20136,20260910,ACC_1303,101,New Business,Annual Prepaid,499,5988,125
TXN_20137,20260204,ACC_1055,104,New Business,Annual Prepaid,12500,150000,216
TXN_20138,20251006,ACC_1003,104,Expansion,Annual Prepaid,25000,300000,9
TXN_20139,20260925,ACC_1360,104,Expansion,Annual Prepaid,18750,225000,202
TXN_20140,20260405,ACC_1231,104,New Business,Monthly Recurring,12500,150000,230
TXN_20141,20250424,ACC_1142,104,New Business,Annual Prepaid,12500,150000,109
TXN_20142,20260325,ACC_1341,102,Contraction,Annual Prepaid,-599,-7188,184
TXN_20143,20260411,ACC_1190,103,Contraction,Annual Prepaid,-1999,-23988,167
TXN_20144,20250901,ACC_1143,102,Expansion,Annual Prepaid,2248,26976,53
TXN_20145,20250607,ACC_1042,102,Renewal,Monthly Recurring,1499,17988,162
TXN_20146,20260610,ACC_1134,103,Renewal,Annual Prepaid,4999,59988,153
TXN_20147,20260411,ACC_1163,102,New Business,Monthly Recurring,1499,17988,214
TXN_20148,20250910,ACC_1256,102,Renewal,Monthly Recurring,1499,17988,168
TXN_20149,20251202,ACC_1095,102,New Business,Monthly Recurring,1499,17988,129
TXN_20150,20250125,ACC_1387,103,Expansion,Annual Prepaid,6248,74976,140
TXN_20151,20250112,ACC_1025,103,Churn,Monthly Recurring,-4999,-59988,100
TXN_20152,20260616,ACC_1092,101,Contraction,Annual Prepaid,-199,-2388,64
TXN_20153,20250911,ACC_1390,104,New Business,Annual Prepaid,12500,150000,155
TXN_20154,20251211,ACC_1287,103,Expansion,Annual Prepaid,7498,89976,182
TXN_20155,20260402,ACC_1253,103,Renewal,Annual Prepaid,4999,59988,141
TXN_20156,20250709,ACC_1099,101,New Business,Annual Prepaid,499,5988,11
TXN_20157,20250917,ACC_1080,104,New Business,Annual Prepaid,12500,150000,44
TXN_20158,20250809,ACC_1273,101,Expansion,Annual Prepaid,748,8976,67
TXN_20159,20260428,ACC_1116,103,Expansion,Annual Prepaid,9998,119976,218
TXN_20160,20260821,ACC_1014,103,Renewal,Monthly Recurring,4999,59988,187
TXN_20161,20250903,ACC_1386,102,Expansion,Annual Prepaid,2248,26976,142
TXN_20162,20250306,ACC_1314,104,Expansion,Annual Prepaid,15625,187500,246
TXN_20163,20250622,ACC_1213,101,Renewal,Annual Prepaid,499,5988,213
TXN_20164,20251104,ACC_1188,103,Expansion,Annual Prepaid,9998,119976,200
TXN_20165,20260817,ACC_1034,104,New Business,Annual Prepaid,12500,150000,237
TXN_20166,20260708,ACC_1221,104,Contraction,Monthly Recurring,-5000,-60000,145
TXN_20167,20250430,ACC_1113,101,New Business,Annual Prepaid,499,5988,133
TXN_20168,20250407,ACC_1130,104,New Business,Monthly Recurring,12500,150000,62
TXN_20169,20250719,ACC_1232,101,Renewal,Annual Prepaid,499,5988,149
TXN_20170,20260804,ACC_1343,104,Contraction,Monthly Recurring,-5000,-60000,197
TXN_20171,20250719,ACC_1087,101,New Business,Annual Prepaid,499,5988,47
TXN_20172,20260428,ACC_1385,101,Renewal,Annual Prepaid,499,5988,137
TXN_20173,20260101,ACC_1148,101,Expansion,Monthly Recurring,998,11976,215
TXN_20174,20260506,ACC_1391,103,New Business,Annual Prepaid,4999,59988,9
TXN_20175,20251116,ACC_1350,102,Renewal,Annual Prepaid,1499,17988,115
TXN_20176,20261010,ACC_1368,104,Contraction,Monthly Recurring,-5000,-60000,157
TXN_20177,20260715,ACC_1329,102,Renewal,Annual Prepaid,1499,17988,72
TXN_20178,20260113,ACC_1078,101,Renewal,Annual Prepaid,499,5988,118
TXN_20179,20260503,ACC_1266,101,New Business,Annual Prepaid,499,5988,17
TXN_20180,20251015,ACC_1181,104,Renewal,Annual Prepaid,12500,150000,230
TXN_20181,20260206,ACC_1011,102,New Business,Annual Prepaid,1499,17988,157
TXN_20182,20260918,ACC_1315,102,Expansion,Annual Prepaid,2248,26976,216
TXN_20183,20250423,ACC_1213,104,New Business,Annual Prepaid,12500,150000,231
TXN_20184,20250208,ACC_1122,104,New Business,Monthly Recurring,12500,150000,237
TXN_20185,20261023,ACC_1018,101,Renewal,Monthly Recurring,499,5988,50
TXN_20186,20250824,ACC_1360,102,Renewal,Annual Prepaid,1499,17988,90
TXN_20187,20260411,ACC_1150,103,New Business,Annual Prepaid,4999,59988,217
TXN_20188,20260211,ACC_1283,102,New Business,Monthly Recurring,1499,17988,209
TXN_20189,20251219,ACC_1278,103,Renewal,Annual Prepaid,4999,59988,195
TXN_20190,20250130,ACC_1118,103,New Business,Monthly Recurring,4999,59988,115
TXN_20191,20250516,ACC_1281,104,Expansion,Annual Prepaid,18750,225000,76
TXN_20192,20260325,ACC_1129,104,Renewal,Annual Prepaid,12500,150000,231
TXN_20193,20260506,ACC_1224,104,Renewal,Annual Prepaid,12500,150000,153
TXN_20194,20250307,ACC_1384,102,Expansion,Annual Prepaid,1873,22476,141
TXN_20195,20260720,ACC_1086,102,Renewal,Monthly Recurring,1499,17988,210
TXN_20196,20260112,ACC_1014,101,Churn,Annual Prepaid,-499,-5988,148
TXN_20197,20250730,ACC_1243,103,New Business,Monthly Recurring,4999,59988,136
TXN_20198,20260620,ACC_1111,101,Renewal,Annual Prepaid,499,5988,158
TXN_20199,20260209,ACC_1293,102,Expansion,Annual Prepaid,2248,26976,8
TXN_20200,20250930,ACC_1188,101,Expansion,Monthly Recurring,998,11976,225
TXN_20201,20251202,ACC_1014,103,New Business,Annual Prepaid,4999,59988,248
TXN_20202,20250611,ACC_1388,104,Expansion,Monthly Recurring,18750,225000,163
TXN_20203,20251115,ACC_1188,104,New Business,Annual Prepaid,12500,150000,154
TXN_20204,20251110,ACC_1152,101,Renewal,Monthly Recurring,499,5988,163
TXN_20205,20251216,ACC_1356,104,Expansion,Monthly Recurring,25000,300000,229
TXN_20206,20260421,ACC_1146,103,New Business,Monthly Recurring,4999,59988,207
TXN_20207,20250610,ACC_1313,104,New Business,Annual Prepaid,12500,150000,8
TXN_20208,20260203,ACC_1148,104,New Business,Annual Prepaid,12500,150000,82
TXN_20209,20260825,ACC_1124,103,Renewal,Annual Prepaid,4999,59988,248
TXN_20210,20260911,ACC_1061,102,New Business,Annual Prepaid,1499,17988,122
TXN_20211,20260717,ACC_1198,101,Contraction,Monthly Recurring,-199,-2388,174
TXN_20212,20260804,ACC_1035,102,New Business,Monthly Recurring,1499,17988,169
TXN_20213,20250918,ACC_1049,101,Expansion,Annual Prepaid,748,8976,130
TXN_20214,20261003,ACC_1231,103,Expansion,Annual Prepaid,6248,74976,45
TXN_20215,20250707,ACC_1182,102,Expansion,Monthly Recurring,1873,22476,156
TXN_20216,20260910,ACC_1036,101,New Business,Annual Prepaid,499,5988,224
TXN_20217,20250927,ACC_1391,103,New Business,Annual Prepaid,4999,59988,84
TXN_20218,20250724,ACC_1400,102,Expansion,Annual Prepaid,2248,26976,49
TXN_20219,20250907,ACC_1228,104,New Business,Annual Prepaid,12500,150000,25
TXN_20220,20260603,ACC_1196,102,Expansion,Monthly Recurring,2248,26976,214
TXN_20221,20260417,ACC_1160,104,Expansion,Monthly Recurring,25000,300000,153
TXN_20222,20250522,ACC_1154,104,Renewal,Monthly Recurring,12500,150000,62
TXN_20223,20260822,ACC_1021,102,New Business,Annual Prepaid,1499,17988,220
TXN_20224,20260119,ACC_1305,103,New Business,Monthly Recurring,4999,59988,193
TXN_20225,20260505,ACC_1161,102,Renewal,Annual Prepaid,1499,17988,90
TXN_20226,20260727,ACC_1289,101,Churn,Monthly Recurring,-499,-5988,190
TXN_20227,20250626,ACC_1043,101,Renewal,Annual Prepaid,499,5988,202
TXN_20228,20260601,ACC_1198,102,Expansion,Annual Prepaid,2248,26976,61
TXN_20229,20260311,ACC_1066,102,Expansion,Monthly Recurring,1873,22476,80
TXN_20230,20260725,ACC_1344,103,Expansion,Monthly Recurring,7498,89976,247
TXN_20231,20260126,ACC_1319,101,New Business,Monthly Recurring,499,5988,158
TXN_20232,20250802,ACC_1383,104,Renewal,Annual Prepaid,12500,150000,236
TXN_20233,20260827,ACC_1213,103,Contraction,Annual Prepaid,-1999,-23988,129
TXN_20234,20260323,ACC_1168,102,Renewal,Annual Prepaid,1499,17988,135
TXN_20235,20250815,ACC_1044,101,Expansion,Annual Prepaid,748,8976,27
TXN_20236,20251103,ACC_1089,103,Expansion,Annual Prepaid,9998,119976,78
TXN_20237,20251024,ACC_1008,104,Expansion,Annual Prepaid,15625,187500,59
TXN_20238,20250826,ACC_1393,103,New Business,Annual Prepaid,4999,59988,46
TXN_20239,20260121,ACC_1316,104,Expansion,Annual Prepaid,25000,300000,113
TXN_20240,20250209,ACC_1259,103,New Business,Annual Prepaid,4999,59988,224
TXN_20241,20260905,ACC_1129,103,New Business,Monthly Recurring,4999,59988,180
TXN_20242,20260101,ACC_1107,101,Expansion,Monthly Recurring,748,8976,141
TXN_20243,20250116,ACC_1012,103,Expansion,Annual Prepaid,6248,74976,123
TXN_20244,20250917,ACC_1021,102,Renewal,Monthly Recurring,1499,17988,227
TXN_20245,20260621,ACC_1059,103,New Business,Annual Prepaid,4999,59988,200
TXN_20246,20260117,ACC_1281,104,Contraction,Annual Prepaid,-5000,-60000,231
TXN_20247,20260107,ACC_1189,104,Contraction,Monthly Recurring,-5000,-60000,138
TXN_20248,20260130,ACC_1211,104,New Business,Monthly Recurring,12500,150000,112
TXN_20249,20250814,ACC_1364,101,Expansion,Monthly Recurring,748,8976,224
TXN_20250,20250605,ACC_1286,102,New Business,Monthly Recurring,1499,17988,194
TXN_20251,20251103,ACC_1163,104,Contraction,Annual Prepaid,-5000,-60000,62
TXN_20252,20261024,ACC_1075,101,Expansion,Monthly Recurring,623,7476,143
TXN_20253,20251016,ACC_1350,103,New Business,Annual Prepaid,4999,59988,20
TXN_20254,20250605,ACC_1066,103,Renewal,Annual Prepaid,4999,59988,202
TXN_20255,20261002,ACC_1201,104,New Business,Annual Prepaid,12500,150000,8
TXN_20256,20260617,ACC_1303,102,Expansion,Monthly Recurring,2998,35976,185
TXN_20257,20260405,ACC_1302,104,Contraction,Annual Prepaid,-5000,-60000,141
TXN_20258,20250729,ACC_1355,104,Renewal,Annual Prepaid,12500,150000,138
TXN_20259,20260826,ACC_1251,103,Expansion,Annual Prepaid,7498,89976,42
TXN_20260,20260701,ACC_1142,104,Expansion,Monthly Recurring,25000,300000,82
TXN_20261,20250927,ACC_1084,101,New Business,Monthly Recurring,499,5988,219
TXN_20262,20260914,ACC_1150,104,Renewal,Monthly Recurring,12500,150000,174
TXN_20263,20250622,ACC_1275,101,Renewal,Monthly Recurring,499,5988,67
TXN_20264,20260925,ACC_1073,103,Expansion,Monthly Recurring,9998,119976,146
TXN_20265,20261107,ACC_1120,102,New Business,Annual Prepaid,1499,17988,34
TXN_20266,20250330,ACC_1265,104,Expansion,Annual Prepaid,18750,225000,231
TXN_20267,20250309,ACC_1334,102,Expansion,Annual Prepaid,2248,26976,114
TXN_20268,20250912,ACC_1086,101,Churn,Annual Prepaid,-499,-5988,225
TXN_20269,20250925,ACC_1062,101,New Business,Annual Prepaid,499,5988,68
TXN_20270,20251121,ACC_1050,101,Expansion,Annual Prepaid,623,7476,165
TXN_20271,20250204,ACC_1201,101,New Business,Monthly Recurring,499,5988,220
TXN_20272,20260307,ACC_1065,104,Expansion,Annual Prepaid,18750,225000,51
TXN_20273,20260828,ACC_1015,101,New Business,Annual Prepaid,499,5988,25
TXN_20274,20261031,ACC_1307,102,Expansion,Annual Prepaid,2998,35976,203
TXN_20275,20250317,ACC_1348,104,New Business,Annual Prepaid,12500,150000,90
TXN_20276,20251227,ACC_1194,104,Expansion,Annual Prepaid,15625,187500,170
TXN_20277,20260727,ACC_1262,102,New Business,Annual Prepaid,1499,17988,222
TXN_20278,20251228,ACC_1283,104,New Business,Monthly Recurring,12500,150000,97
TXN_20279,20250522,ACC_1109,101,Expansion,Annual Prepaid,998,11976,88
TXN_20280,20250218,ACC_1312,101,Expansion,Annual Prepaid,748,8976,140
TXN_20281,20260825,ACC_1043,104,New Business,Annual Prepaid,12500,150000,249
TXN_20282,20260117,ACC_1192,102,Expansion,Annual Prepaid,1873,22476,41
TXN_20283,20260725,ACC_1305,101,Renewal,Annual Prepaid,499,5988,45
TXN_20284,20260509,ACC_1039,101,Renewal,Monthly Recurring,499,5988,81
TXN_20285,20250617,ACC_1127,102,New Business,Annual Prepaid,1499,17988,80
TXN_20286,20250419,ACC_1072,104,Renewal,Annual Prepaid,12500,150000,244
TXN_20287,20250907,ACC_1301,102,Churn,Monthly Recurring,-1499,-17988,157
TXN_20288,20260307,ACC_1347,102,New Business,Annual Prepaid,1499,17988,179
TXN_20289,20251120,ACC_1340,102,New Business,Annual Prepaid,1499,17988,131
TXN_20290,20260216,ACC_1082,101,New Business,Annual Prepaid,499,5988,117
TXN_20291,20261017,ACC_1225,104,New Business,Monthly Recurring,12500,150000,6
TXN_20292,20250923,ACC_1285,101,Renewal,Annual Prepaid,499,5988,55
TXN_20293,20260624,ACC_1118,101,Expansion,Monthly Recurring,998,11976,159
TXN_20294,20260122,ACC_1117,102,Expansion,Annual Prepaid,2248,26976,85
TXN_20295,20251107,ACC_1268,103,Expansion,Annual Prepaid,6248,74976,105
TXN_20296,20250811,ACC_1213,102,Expansion,Monthly Recurring,1873,22476,42
TXN_20297,20261020,ACC_1284,101,Renewal,Annual Prepaid,499,5988,177
TXN_20298,20260926,ACC_1375,101,New Business,Annual Prepaid,499,5988,112
TXN_20299,20250605,ACC_1354,104,Renewal,Annual Prepaid,12500,150000,45
TXN_20300,20260714,ACC_1063,103,New Business,Annual Prepaid,4999,59988,61
TXN_20301,20261110,ACC_1118,104,Expansion,Annual Prepaid,18750,225000,169
TXN_20302,20250712,ACC_1007,104,New Business,Monthly Recurring,12500,150000,23
TXN_20303,20260223,ACC_1157,102,Renewal,Annual Prepaid,1499,17988,227
TXN_20304,20260730,ACC_1126,103,New Business,Annual Prepaid,4999,59988,166
TXN_20305,20260501,ACC_1176,104,Expansion,Annual Prepaid,15625,187500,117
TXN_20306,20260111,ACC_1365,102,Expansion,Annual Prepaid,2998,35976,49
TXN_20307,20251229,ACC_1260,102,New Business,Annual Prepaid,1499,17988,238
TXN_20308,20250505,ACC_1051,102,New Business,Annual Prepaid,1499,17988,34
TXN_20309,20250504,ACC_1122,101,Expansion,Annual Prepaid,623,7476,138
TXN_20310,20260104,ACC_1196,102,Renewal,Annual Prepaid,1499,17988,63
TXN_20311,20251005,ACC_1126,104,New Business,Annual Prepaid,12500,150000,169
TXN_20312,20260114,ACC_1305,101,Expansion,Annual Prepaid,998,11976,46
TXN_20313,20260512,ACC_1354,104,Renewal,Annual Prepaid,12500,150000,131
TXN_20314,20260514,ACC_1021,104,Renewal,Annual Prepaid,12500,150000,195
TXN_20315,20250421,ACC_1280,101,Expansion,Annual Prepaid,748,8976,183
TXN_20316,20250414,ACC_1273,103,Contraction,Annual Prepaid,-1999,-23988,156
TXN_20317,20260604,ACC_1250,103,New Business,Annual Prepaid,4999,59988,149
TXN_20318,20250305,ACC_1101,104,Contraction,Annual Prepaid,-5000,-60000,102
TXN_20319,20250520,ACC_1267,102,Expansion,Annual Prepaid,2248,26976,143
TXN_20320,20260712,ACC_1005,101,Renewal,Annual Prepaid,499,5988,74
TXN_20321,20251031,ACC_1017,103,Expansion,Annual Prepaid,7498,89976,232
TXN_20322,20250804,ACC_1102,103,New Business,Annual Prepaid,4999,59988,159
TXN_20323,20260410,ACC_1203,104,Expansion,Monthly Recurring,25000,300000,223
TXN_20324,20251231,ACC_1082,104,Renewal,Annual Prepaid,12500,150000,77
TXN_20325,20251203,ACC_1328,104,New Business,Monthly Recurring,12500,150000,100
TXN_20326,20251119,ACC_1328,103,New Business,Annual Prepaid,4999,59988,17
TXN_20327,20250424,ACC_1189,103,Renewal,Annual Prepaid,4999,59988,97
TXN_20328,20251116,ACC_1214,103,Contraction,Annual Prepaid,-1999,-23988,212
TXN_20329,20260701,ACC_1204,102,New Business,Annual Prepaid,1499,17988,61
TXN_20330,20260105,ACC_1222,103,Churn,Annual Prepaid,-4999,-59988,117
TXN_20331,20250306,ACC_1327,102,New Business,Annual Prepaid,1499,17988,41
TXN_20332,20261010,ACC_1001,103,New Business,Monthly Recurring,4999,59988,132
TXN_20333,20260701,ACC_1201,103,Contraction,Annual Prepaid,-1999,-23988,108
TXN_20334,20260119,ACC_1023,101,Renewal,Annual Prepaid,499,5988,227
TXN_20335,20250707,ACC_1358,103,New Business,Annual Prepaid,4999,59988,228
TXN_20336,20250503,ACC_1290,101,Churn,Monthly Recurring,-499,-5988,70
TXN_20337,20260115,ACC_1145,103,Renewal,Monthly Recurring,4999,59988,192
TXN_20338,20250703,ACC_1322,102,Renewal,Annual Prepaid,1499,17988,38
TXN_20339,20260924,ACC_1295,103,Renewal,Annual Prepaid,4999,59988,31
TXN_20340,20251117,ACC_1118,101,Expansion,Annual Prepaid,623,7476,185
TXN_20341,20251109,ACC_1269,101,New Business,Monthly Recurring,499,5988,35
TXN_20342,20260322,ACC_1337,103,Expansion,Annual Prepaid,7498,89976,204
TXN_20343,20250114,ACC_1054,104,Renewal,Annual Prepaid,12500,150000,114
TXN_20344,20250130,ACC_1053,104,New Business,Annual Prepaid,12500,150000,209
TXN_20345,20250112,ACC_1059,103,Renewal,Annual Prepaid,4999,59988,210
TXN_20346,20261001,ACC_1290,102,Renewal,Annual Prepaid,1499,17988,208
TXN_20347,20250829,ACC_1049,103,New Business,Annual Prepaid,4999,59988,158
TXN_20348,20250728,ACC_1274,104,Expansion,Annual Prepaid,25000,300000,12
TXN_20349,20250606,ACC_1390,101,Contraction,Monthly Recurring,-199,-2388,125
TXN_20350,20261105,ACC_1065,103,New Business,Annual Prepaid,4999,59988,104
TXN_20351,20250324,ACC_1338,103,Contraction,Monthly Recurring,-1999,-23988,116
TXN_20352,20260205,ACC_1056,104,Renewal,Annual Prepaid,12500,150000,222
TXN_20353,20250624,ACC_1316,103,Renewal,Annual Prepaid,4999,59988,153
TXN_20354,20260620,ACC_1235,101,New Business,Monthly Recurring,499,5988,21
TXN_20355,20261014,ACC_1281,102,New Business,Monthly Recurring,1499,17988,149
TXN_20356,20260624,ACC_1101,102,Churn,Monthly Recurring,-1499,-17988,103
TXN_20357,20250815,ACC_1303,104,New Business,Annual Prepaid,12500,150000,128
TXN_20358,20250410,ACC_1013,102,Expansion,Monthly Recurring,2998,35976,141
TXN_20359,20250410,ACC_1329,102,Expansion,Monthly Recurring,1873,22476,241
TXN_20360,20250920,ACC_1162,101,New Business,Annual Prepaid,499,5988,7
TXN_20361,20250529,ACC_1028,102,Renewal,Annual Prepaid,1499,17988,58
TXN_20362,20250823,ACC_1065,104,New Business,Annual Prepaid,12500,150000,61
TXN_20363,20260719,ACC_1049,102,Renewal,Annual Prepaid,1499,17988,57
TXN_20364,20250412,ACC_1074,102,New Business,Annual Prepaid,1499,17988,218
TXN_20365,20261106,ACC_1337,104,Contraction,Annual Prepaid,-5000,-60000,115
TXN_20366,20260620,ACC_1102,101,Contraction,Monthly Recurring,-199,-2388,157
TXN_20367,20250818,ACC_1228,102,Expansion,Annual Prepaid,1873,22476,160
TXN_20368,20260827,ACC_1272,103,New Business,Monthly Recurring,4999,59988,31
TXN_20369,20261105,ACC_1181,102,Renewal,Annual Prepaid,1499,17988,139
TXN_20370,20250224,ACC_1224,101,New Business,Annual Prepaid,499,5988,248
TXN_20371,20260709,ACC_1313,102,Expansion,Annual Prepaid,1873,22476,139
TXN_20372,20250609,ACC_1228,103,Renewal,Monthly Recurring,4999,59988,229
TXN_20373,20250802,ACC_1217,104,Expansion,Annual Prepaid,25000,300000,199
TXN_20374,20250724,ACC_1157,102,Expansion,Annual Prepaid,2998,35976,176
TXN_20375,20260128,ACC_1218,104,Churn,Annual Prepaid,-12500,-150000,60
TXN_20376,20250523,ACC_1096,104,Expansion,Annual Prepaid,18750,225000,63
TXN_20377,20260317,ACC_1090,104,Expansion,Monthly Recurring,18750,225000,49
TXN_20378,20260401,ACC_1339,103,Churn,Annual Prepaid,-4999,-59988,243
TXN_20379,20250218,ACC_1351,104,Renewal,Monthly Recurring,12500,150000,106
TXN_20380,20260713,ACC_1216,102,Expansion,Monthly Recurring,2998,35976,246
TXN_20381,20260819,ACC_1282,101,Contraction,Annual Prepaid,-199,-2388,207
TXN_20382,20260226,ACC_1248,102,Expansion,Monthly Recurring,2998,35976,228
TXN_20383,20260329,ACC_1061,102,Renewal,Annual Prepaid,1499,17988,66
TXN_20384,20251029,ACC_1086,102,Expansion,Annual Prepaid,1873,22476,7
TXN_20385,20260508,ACC_1006,101,Expansion,Annual Prepaid,998,11976,213
TXN_20386,20260607,ACC_1240,103,Renewal,Annual Prepaid,4999,59988,240
TXN_20387,20250909,ACC_1070,101,New Business,Monthly Recurring,499,5988,68
TXN_20388,20251128,ACC_1187,102,Expansion,Annual Prepaid,2998,35976,22
TXN_20389,20250603,ACC_1019,103,New Business,Annual Prepaid,4999,59988,112
TXN_20390,20251220,ACC_1371,101,Contraction,Annual Prepaid,-199,-2388,47
TXN_20391,20250904,ACC_1245,104,Churn,Annual Prepaid,-12500,-150000,110
TXN_20392,20260510,ACC_1008,102,Renewal,Annual Prepaid,1499,17988,175
TXN_20393,20260823,ACC_1039,101,New Business,Monthly Recurring,499,5988,97
TXN_20394,20250315,ACC_1086,104,New Business,Monthly Recurring,12500,150000,224
TXN_20395,20250619,ACC_1156,102,Renewal,Annual Prepaid,1499,17988,70
TXN_20396,20260905,ACC_1055,104,Renewal,Annual Prepaid,12500,150000,97
TXN_20397,20250922,ACC_1364,101,New Business,Annual Prepaid,499,5988,159
TXN_20398,20260824,ACC_1034,103,Expansion,Annual Prepaid,6248,74976,71
TXN_20399,20260917,ACC_1117,102,Contraction,Annual Prepaid,-599,-7188,94
TXN_20400,20250426,ACC_1206,101,Renewal,Annual Prepaid,499,5988,185
TXN_20401,20250424,ACC_1091,102,Renewal,Monthly Recurring,1499,17988,158
TXN_20402,20250923,ACC_1365,104,New Business,Monthly Recurring,12500,150000,45
TXN_20403,20260205,ACC_1105,101,New Business,Annual Prepaid,499,5988,241
TXN_20404,20261013,ACC_1221,104,Expansion,Annual Prepaid,25000,300000,80
TXN_20405,20250718,ACC_1282,103,New Business,Monthly Recurring,4999,59988,75
TXN_20406,20260407,ACC_1154,104,Expansion,Annual Prepaid,25000,300000,147
TXN_20407,20260707,ACC_1242,104,New Business,Annual Prepaid,12500,150000,116
TXN_20408,20260520,ACC_1103,102,New Business,Annual Prepaid,1499,17988,126
TXN_20409,20260102,ACC_1271,103,Expansion,Monthly Recurring,9998,119976,193
TXN_20410,20260620,ACC_1164,102,Renewal,Annual Prepaid,1499,17988,71
TXN_20411,20250630,ACC_1290,101,Expansion,Monthly Recurring,998,11976,99
TXN_20412,20260524,ACC_1254,101,Renewal,Annual Prepaid,499,5988,58
TXN_20413,20261111,ACC_1326,101,Renewal,Annual Prepaid,499,5988,170
TXN_20414,20260119,ACC_1085,101,Expansion,Annual Prepaid,998,11976,200
TXN_20415,20260224,ACC_1332,102,Renewal,Monthly Recurring,1499,17988,201
TXN_20416,20260626,ACC_1397,103,Expansion,Monthly Recurring,7498,89976,116
TXN_20417,20260114,ACC_1206,101,Expansion,Monthly Recurring,998,11976,43
TXN_20418,20251106,ACC_1016,104,Renewal,Annual Prepaid,12500,150000,245
TXN_20419,20250721,ACC_1272,103,Expansion,Annual Prepaid,9998,119976,13
TXN_20420,20260520,ACC_1139,104,New Business,Annual Prepaid,12500,150000,52
TXN_20421,20250412,ACC_1111,101,New Business,Monthly Recurring,499,5988,195
TXN_20422,20260504,ACC_1217,103,Expansion,Monthly Recurring,9998,119976,108
TXN_20423,20250717,ACC_1271,104,New Business,Monthly Recurring,12500,150000,155
TXN_20424,20251109,ACC_1378,103,Contraction,Annual Prepaid,-1999,-23988,173
TXN_20425,20251206,ACC_1073,101,New Business,Monthly Recurring,499,5988,7
TXN_20426,20250624,ACC_1337,103,Renewal,Annual Prepaid,4999,59988,196
TXN_20427,20250410,ACC_1065,101,Expansion,Annual Prepaid,748,8976,47
TXN_20428,20250927,ACC_1372,103,New Business,Monthly Recurring,4999,59988,136
TXN_20429,20250617,ACC_1216,103,Expansion,Annual Prepaid,9998,119976,201
TXN_20430,20260609,ACC_1283,104,Contraction,Monthly Recurring,-5000,-60000,194
TXN_20431,20260709,ACC_1147,104,New Business,Monthly Recurring,12500,150000,152
TXN_20432,20260529,ACC_1095,104,Expansion,Annual Prepaid,18750,225000,233
TXN_20433,20260110,ACC_1328,103,New Business,Annual Prepaid,4999,59988,20
TXN_20434,20260409,ACC_1083,103,New Business,Annual Prepaid,4999,59988,229
TXN_20435,20251127,ACC_1113,104,New Business,Annual Prepaid,12500,150000,144
TXN_20436,20250310,ACC_1390,101,Expansion,Annual Prepaid,748,8976,37
TXN_20437,20250119,ACC_1318,102,Expansion,Annual Prepaid,2248,26976,198
TXN_20438,20250521,ACC_1047,103,Contraction,Monthly Recurring,-1999,-23988,139
TXN_20439,20260207,ACC_1079,103,New Business,Monthly Recurring,4999,59988,225
TXN_20440,20251204,ACC_1248,104,New Business,Monthly Recurring,12500,150000,109
TXN_20441,20261031,ACC_1057,104,New Business,Monthly Recurring,12500,150000,70
TXN_20442,20251114,ACC_1006,102,New Business,Annual Prepaid,1499,17988,86
TXN_20443,20260122,ACC_1219,101,Expansion,Annual Prepaid,748,8976,39
TXN_20444,20260809,ACC_1208,102,New Business,Annual Prepaid,1499,17988,158
TXN_20445,20250818,ACC_1295,103,New Business,Annual Prepaid,4999,59988,45
TXN_20446,20260428,ACC_1148,104,Expansion,Annual Prepaid,25000,300000,57
TXN_20447,20251010,ACC_1290,102,Churn,Annual Prepaid,-1499,-17988,229
TXN_20448,20260319,ACC_1352,104,Expansion,Annual Prepaid,25000,300000,161
TXN_20449,20250923,ACC_1065,103,New Business,Annual Prepaid,4999,59988,63
TXN_20450,20250905,ACC_1150,103,Contraction,Annual Prepaid,-1999,-23988,102
TXN_20451,20251028,ACC_1025,101,Expansion,Annual Prepaid,998,11976,168
TXN_20452,20250314,ACC_1083,101,New Business,Monthly Recurring,499,5988,110
TXN_20453,20261019,ACC_1288,102,Churn,Annual Prepaid,-1499,-17988,31
TXN_20454,20260522,ACC_1054,102,New Business,Annual Prepaid,1499,17988,157
TXN_20455,20260114,ACC_1367,103,Renewal,Monthly Recurring,4999,59988,158
TXN_20456,20260112,ACC_1248,104,Expansion,Annual Prepaid,15625,187500,216
TXN_20457,20250531,ACC_1168,103,New Business,Annual Prepaid,4999,59988,184
TXN_20458,20260101,ACC_1047,104,New Business,Annual Prepaid,12500,150000,180
TXN_20459,20251110,ACC_1290,104,Expansion,Annual Prepaid,15625,187500,86
TXN_20460,20251204,ACC_1094,104,New Business,Monthly Recurring,12500,150000,23
TXN_20461,20260519,ACC_1164,103,New Business,Annual Prepaid,4999,59988,206
TXN_20462,20260826,ACC_1358,101,New Business,Annual Prepaid,499,5988,183
TXN_20463,20260911,ACC_1209,101,New Business,Annual Prepaid,499,5988,117
TXN_20464,20261011,ACC_1284,101,Contraction,Annual Prepaid,-199,-2388,191
TXN_20465,20251229,ACC_1341,102,Renewal,Annual Prepaid,1499,17988,234
TXN_20466,20260911,ACC_1168,104,Expansion,Monthly Recurring,15625,187500,22
TXN_20467,20250519,ACC_1354,103,New Business,Annual Prepaid,4999,59988,209
TXN_20468,20260727,ACC_1260,102,Expansion,Annual Prepaid,2998,35976,72
TXN_20469,20250501,ACC_1207,101,Renewal,Annual Prepaid,499,5988,42
TXN_20470,20250121,ACC_1341,104,Expansion,Monthly Recurring,18750,225000,113
TXN_20471,20250310,ACC_1303,104,Expansion,Annual Prepaid,15625,187500,192
TXN_20472,20261027,ACC_1283,104,Expansion,Monthly Recurring,15625,187500,126
TXN_20473,20251107,ACC_1052,104,Renewal,Annual Prepaid,12500,150000,59
TXN_20474,20250626,ACC_1352,101,New Business,Annual Prepaid,499,5988,43
TXN_20475,20250517,ACC_1336,101,New Business,Annual Prepaid,499,5988,113
TXN_20476,20260922,ACC_1035,103,New Business,Monthly Recurring,4999,59988,91
TXN_20477,20260218,ACC_1076,103,Expansion,Annual Prepaid,6248,74976,205
TXN_20478,20261015,ACC_1285,103,Renewal,Monthly Recurring,4999,59988,120
TXN_20479,20250904,ACC_1112,103,Expansion,Monthly Recurring,6248,74976,138
TXN_20480,20251016,ACC_1108,102,New Business,Annual Prepaid,1499,17988,130
TXN_20481,20260926,ACC_1235,104,Contraction,Annual Prepaid,-5000,-60000,119
TXN_20482,20250111,ACC_1162,101,New Business,Annual Prepaid,499,5988,51
TXN_20483,20260117,ACC_1246,103,New Business,Monthly Recurring,4999,59988,76
TXN_20484,20251016,ACC_1363,101,Expansion,Monthly Recurring,748,8976,199
TXN_20485,20260325,ACC_1330,104,Renewal,Annual Prepaid,12500,150000,102
TXN_20486,20250403,ACC_1141,102,Expansion,Annual Prepaid,2998,35976,181
TXN_20487,20251022,ACC_1245,104,Contraction,Annual Prepaid,-5000,-60000,30
TXN_20488,20251101,ACC_1017,103,New Business,Annual Prepaid,4999,59988,62
TXN_20489,20260728,ACC_1305,103,Expansion,Monthly Recurring,6248,74976,135
TXN_20490,20260220,ACC_1207,101,Expansion,Annual Prepaid,748,8976,29
TXN_20491,20250403,ACC_1310,104,Renewal,Monthly Recurring,12500,150000,84
TXN_20492,20250718,ACC_1364,103,New Business,Annual Prepaid,4999,59988,87
TXN_20493,20250519,ACC_1147,102,Expansion,Annual Prepaid,1873,22476,61
TXN_20494,20260714,ACC_1232,102,Contraction,Annual Prepaid,-599,-7188,140
TXN_20495,20250704,ACC_1022,102,Expansion,Annual Prepaid,2998,35976,61
TXN_20496,20251129,ACC_1049,101,Expansion,Monthly Recurring,623,7476,24
TXN_20497,20251119,ACC_1221,103,New Business,Annual Prepaid,4999,59988,186
TXN_20498,20260728,ACC_1206,104,Expansion,Annual Prepaid,25000,300000,79
TXN_20499,20260218,ACC_1122,103,Renewal,Annual Prepaid,4999,59988,66
TXN_20500,20261102,ACC_1256,101,Expansion,Monthly Recurring,748,8976,211
TXN_20501,20250720,ACC_1048,101,Expansion,Annual Prepaid,748,8976,116
TXN_20502,20260515,ACC_1318,103,Renewal,Annual Prepaid,4999,59988,233
TXN_20503,20260725,ACC_1211,104,Renewal,Annual Prepaid,12500,150000,13
TXN_20504,20260318,ACC_1383,104,Expansion,Annual Prepaid,15625,187500,227
TXN_20505,20260505,ACC_1387,101,Renewal,Annual Prepaid,499,5988,218
TXN_20506,20260321,ACC_1062,102,New Business,Monthly Recurring,1499,17988,58
TXN_20507,20250209,ACC_1016,104,Expansion,Annual Prepaid,15625,187500,98
TXN_20508,20260130,ACC_1222,104,Renewal,Annual Prepaid,12500,150000,85
TXN_20509,20260106,ACC_1218,102,New Business,Monthly Recurring,1499,17988,150
TXN_20510,20250303,ACC_1318,104,Expansion,Annual Prepaid,18750,225000,199
TXN_20511,20250509,ACC_1166,103,Renewal,Annual Prepaid,4999,59988,228
TXN_20512,20260809,ACC_1156,101,Renewal,Annual Prepaid,499,5988,211
TXN_20513,20251206,ACC_1207,104,Expansion,Annual Prepaid,18750,225000,208
TXN_20514,20261108,ACC_1161,104,New Business,Annual Prepaid,12500,150000,74
TXN_20515,20260814,ACC_1381,101,Contraction,Annual Prepaid,-199,-2388,124
TXN_20516,20250805,ACC_1302,102,Renewal,Monthly Recurring,1499,17988,191
TXN_20517,20250414,ACC_1232,103,Contraction,Annual Prepaid,-1999,-23988,150
TXN_20518,20250701,ACC_1258,104,New Business,Monthly Recurring,12500,150000,42
TXN_20519,20251026,ACC_1176,103,Churn,Monthly Recurring,-4999,-59988,95
TXN_20520,20261106,ACC_1061,102,New Business,Annual Prepaid,1499,17988,148
TXN_20521,20260404,ACC_1253,101,New Business,Annual Prepaid,499,5988,247
TXN_20522,20250615,ACC_1304,101,New Business,Annual Prepaid,499,5988,156
TXN_20523,20250726,ACC_1114,101,Renewal,Annual Prepaid,499,5988,190
TXN_20524,20250505,ACC_1355,103,Expansion,Annual Prepaid,7498,89976,72
TXN_20525,20260326,ACC_1061,101,Renewal,Monthly Recurring,499,5988,175
TXN_20526,20261013,ACC_1153,104,Expansion,Annual Prepaid,18750,225000,32
TXN_20527,20260717,ACC_1197,103,New Business,Annual Prepaid,4999,59988,54
TXN_20528,20260413,ACC_1388,102,Renewal,Monthly Recurring,1499,17988,18
TXN_20529,20250604,ACC_1203,104,Expansion,Monthly Recurring,25000,300000,124
TXN_20530,20251209,ACC_1075,101,Renewal,Annual Prepaid,499,5988,93
TXN_20531,20250305,ACC_1182,102,Expansion,Annual Prepaid,2998,35976,147
TXN_20532,20250403,ACC_1104,104,New Business,Monthly Recurring,12500,150000,182
TXN_20533,20250212,ACC_1112,101,Expansion,Monthly Recurring,998,11976,122
TXN_20534,20250605,ACC_1020,102,Contraction,Annual Prepaid,-599,-7188,98
TXN_20535,20260314,ACC_1013,101,Expansion,Monthly Recurring,748,8976,112
TXN_20536,20250129,ACC_1299,102,Renewal,Annual Prepaid,1499,17988,162
TXN_20537,20260315,ACC_1209,104,Expansion,Annual Prepaid,18750,225000,11
TXN_20538,20250604,ACC_1045,103,Contraction,Monthly Recurring,-1999,-23988,92
TXN_20539,20250628,ACC_1256,103,New Business,Annual Prepaid,4999,59988,238
TXN_20540,20250921,ACC_1239,103,Churn,Monthly Recurring,-4999,-59988,121
TXN_20541,20251105,ACC_1222,102,New Business,Monthly Recurring,1499,17988,181
TXN_20542,20260509,ACC_1273,104,Contraction,Annual Prepaid,-5000,-60000,182
TXN_20543,20251003,ACC_1071,104,New Business,Annual Prepaid,12500,150000,220
TXN_20544,20260430,ACC_1394,104,New Business,Annual Prepaid,12500,150000,41
TXN_20545,20251023,ACC_1126,101,Churn,Annual Prepaid,-499,-5988,155
TXN_20546,20250403,ACC_1360,103,New Business,Annual Prepaid,4999,59988,64
TXN_20547,20260224,ACC_1138,103,Expansion,Annual Prepaid,6248,74976,40
TXN_20548,20250811,ACC_1101,102,Renewal,Monthly Recurring,1499,17988,170
TXN_20549,20260416,ACC_1383,104,New Business,Annual Prepaid,12500,150000,35
TXN_20550,20250406,ACC_1375,103,Expansion,Annual Prepaid,7498,89976,234
TXN_20551,20251221,ACC_1266,104,New Business,Annual Prepaid,12500,150000,64
TXN_20552,20260505,ACC_1343,101,Expansion,Monthly Recurring,623,7476,185
TXN_20553,20250330,ACC_1184,102,Expansion,Annual Prepaid,2248,26976,172
TXN_20554,20260518,ACC_1399,102,New Business,Monthly Recurring,1499,17988,85
TXN_20555,20250806,ACC_1032,101,Contraction,Annual Prepaid,-199,-2388,86
TXN_20556,20260304,ACC_1333,104,Renewal,Annual Prepaid,12500,150000,192
TXN_20557,20250118,ACC_1327,101,Contraction,Annual Prepaid,-199,-2388,43
TXN_20558,20260503,ACC_1196,103,Renewal,Annual Prepaid,4999,59988,85
TXN_20559,20250707,ACC_1229,102,Expansion,Monthly Recurring,2248,26976,58
TXN_20560,20261103,ACC_1132,104,Expansion,Annual Prepaid,25000,300000,170
TXN_20561,20260327,ACC_1120,104,New Business,Annual Prepaid,12500,150000,241
TXN_20562,20260831,ACC_1246,102,Contraction,Monthly Recurring,-599,-7188,204
TXN_20563,20250106,ACC_1247,104,Expansion,Annual Prepaid,18750,225000,142
TXN_20564,20250626,ACC_1387,104,New Business,Monthly Recurring,12500,150000,97
TXN_20565,20251211,ACC_1255,101,New Business,Annual Prepaid,499,5988,35
TXN_20566,20260502,ACC_1254,101,Contraction,Annual Prepaid,-199,-2388,136
TXN_20567,20260918,ACC_1013,101,Contraction,Annual Prepaid,-199,-2388,248
TXN_20568,20260426,ACC_1205,101,New Business,Annual Prepaid,499,5988,209
TXN_20569,20250419,ACC_1273,104,Expansion,Annual Prepaid,25000,300000,12
TXN_20570,20250817,ACC_1315,102,Renewal,Annual Prepaid,1499,17988,221
TXN_20571,20260526,ACC_1189,104,Expansion,Monthly Recurring,15625,187500,17
TXN_20572,20250404,ACC_1096,102,Expansion,Annual Prepaid,2248,26976,217
TXN_20573,20260412,ACC_1094,101,New Business,Annual Prepaid,499,5988,205
TXN_20574,20260719,ACC_1180,102,Renewal,Annual Prepaid,1499,17988,184
TXN_20575,20260102,ACC_1313,104,Contraction,Annual Prepaid,-5000,-60000,231
TXN_20576,20250520,ACC_1331,102,New Business,Monthly Recurring,1499,17988,210
TXN_20577,20250925,ACC_1392,104,Contraction,Annual Prepaid,-5000,-60000,236
TXN_20578,20260907,ACC_1042,102,New Business,Annual Prepaid,1499,17988,21
TXN_20579,20260211,ACC_1221,101,Expansion,Annual Prepaid,748,8976,106
TXN_20580,20250821,ACC_1192,103,Expansion,Annual Prepaid,6248,74976,143
TXN_20581,20260326,ACC_1344,101,New Business,Annual Prepaid,499,5988,87
TXN_20582,20250106,ACC_1359,104,Expansion,Annual Prepaid,25000,300000,32
TXN_20583,20250901,ACC_1038,103,Expansion,Annual Prepaid,7498,89976,47
TXN_20584,20260724,ACC_1164,102,Expansion,Monthly Recurring,1873,22476,192
TXN_20585,20250729,ACC_1083,102,New Business,Monthly Recurring,1499,17988,101
TXN_20586,20260507,ACC_1208,102,Contraction,Annual Prepaid,-599,-7188,115
TXN_20587,20260417,ACC_1400,104,Expansion,Monthly Recurring,25000,300000,29
TXN_20588,20260525,ACC_1290,103,New Business,Annual Prepaid,4999,59988,77
TXN_20589,20250110,ACC_1282,104,Renewal,Annual Prepaid,12500,150000,156
TXN_20590,20260409,ACC_1005,103,Renewal,Monthly Recurring,4999,59988,167
TXN_20591,20250611,ACC_1105,101,New Business,Monthly Recurring,499,5988,182
TXN_20592,20250328,ACC_1340,104,Contraction,Annual Prepaid,-5000,-60000,116
TXN_20593,20261101,ACC_1129,102,New Business,Monthly Recurring,1499,17988,153
TXN_20594,20260414,ACC_1340,101,Renewal,Monthly Recurring,499,5988,229
TXN_20595,20250907,ACC_1372,102,Renewal,Annual Prepaid,1499,17988,211
TXN_20596,20250311,ACC_1302,101,New Business,Monthly Recurring,499,5988,116
TXN_20597,20250401,ACC_1364,103,New Business,Monthly Recurring,4999,59988,224
TXN_20598,20250711,ACC_1227,102,Expansion,Annual Prepaid,2998,35976,142
TXN_20599,20260518,ACC_1345,104,New Business,Annual Prepaid,12500,150000,196
TXN_20600,20251107,ACC_1005,102,Expansion,Annual Prepaid,1873,22476,241
TXN_20601,20260725,ACC_1358,101,New Business,Annual Prepaid,499,5988,197
TXN_20602,20250418,ACC_1360,104,Expansion,Annual Prepaid,25000,300000,127
TXN_20603,20260829,ACC_1381,102,Expansion,Annual Prepaid,1873,22476,190
TXN_20604,20260627,ACC_1184,103,New Business,Annual Prepaid,4999,59988,80
TXN_20605,20260905,ACC_1385,103,New Business,Annual Prepaid,4999,59988,69
TXN_20606,20260302,ACC_1249,103,Renewal,Monthly Recurring,4999,59988,213
TXN_20607,20250727,ACC_1022,102,Contraction,Annual Prepaid,-599,-7188,179
TXN_20608,20261015,ACC_1273,101,Expansion,Monthly Recurring,623,7476,244
TXN_20609,20260101,ACC_1078,101,Renewal,Annual Prepaid,499,5988,76
TXN_20610,20250926,ACC_1143,102,Renewal,Annual Prepaid,1499,17988,249
TXN_20611,20260724,ACC_1163,104,New Business,Annual Prepaid,12500,150000,221
TXN_20612,20260616,ACC_1026,103,Expansion,Annual Prepaid,7498,89976,196
TXN_20613,20250906,ACC_1242,102,New Business,Monthly Recurring,1499,17988,17
TXN_20614,20260203,ACC_1391,104,New Business,Annual Prepaid,12500,150000,239
TXN_20615,20260223,ACC_1239,104,Renewal,Annual Prepaid,12500,150000,104
TXN_20616,20250213,ACC_1163,104,Contraction,Monthly Recurring,-5000,-60000,65
TXN_20617,20250219,ACC_1381,101,Contraction,Annual Prepaid,-199,-2388,36
TXN_20618,20250508,ACC_1164,101,Expansion,Annual Prepaid,748,8976,211
TXN_20619,20250706,ACC_1239,102,New Business,Annual Prepaid,1499,17988,148
TXN_20620,20251011,ACC_1190,104,Expansion,Monthly Recurring,15625,187500,7
TXN_20621,20250620,ACC_1246,104,Expansion,Monthly Recurring,25000,300000,49
TXN_20622,20260106,ACC_1264,103,Contraction,Annual Prepaid,-1999,-23988,129
TXN_20623,20260403,ACC_1313,104,Expansion,Annual Prepaid,18750,225000,201
TXN_20624,20260902,ACC_1373,101,Expansion,Monthly Recurring,998,11976,155
TXN_20625,20260509,ACC_1350,102,Contraction,Annual Prepaid,-599,-7188,97
TXN_20626,20260228,ACC_1006,104,Expansion,Annual Prepaid,18750,225000,233
TXN_20627,20260111,ACC_1202,104,New Business,Annual Prepaid,12500,150000,71
TXN_20628,20250406,ACC_1106,103,Renewal,Monthly Recurring,4999,59988,200
TXN_20629,20260220,ACC_1337,101,New Business,Annual Prepaid,499,5988,202
TXN_20630,20250530,ACC_1291,102,New Business,Monthly Recurring,1499,17988,15
TXN_20631,20251112,ACC_1251,102,New Business,Annual Prepaid,1499,17988,18
TXN_20632,20250821,ACC_1225,102,New Business,Annual Prepaid,1499,17988,206
TXN_20633,20250216,ACC_1083,101,New Business,Annual Prepaid,499,5988,219
TXN_20634,20250825,ACC_1030,101,New Business,Annual Prepaid,499,5988,243
TXN_20635,20260509,ACC_1025,102,Contraction,Annual Prepaid,-599,-7188,123
TXN_20636,20251221,ACC_1127,101,New Business,Annual Prepaid,499,5988,230
TXN_20637,20260820,ACC_1266,103,New Business,Monthly Recurring,4999,59988,177
TXN_20638,20260730,ACC_1391,103,New Business,Annual Prepaid,4999,59988,125
TXN_20639,20251127,ACC_1298,102,New Business,Annual Prepaid,1499,17988,247
TXN_20640,20261018,ACC_1018,103,New Business,Annual Prepaid,4999,59988,112
TXN_20641,20251129,ACC_1239,104,Renewal,Annual Prepaid,12500,150000,134
TXN_20642,20250313,ACC_1315,103,Renewal,Monthly Recurring,4999,59988,115
TXN_20643,20250112,ACC_1375,102,New Business,Annual Prepaid,1499,17988,47
TXN_20644,20260111,ACC_1017,103,New Business,Annual Prepaid,4999,59988,12
TXN_20645,20260922,ACC_1325,102,New Business,Annual Prepaid,1499,17988,80
TXN_20646,20250312,ACC_1101,102,New Business,Annual Prepaid,1499,17988,128
TXN_20647,20250816,ACC_1381,101,Renewal,Annual Prepaid,499,5988,184
TXN_20648,20250305,ACC_1275,101,Expansion,Monthly Recurring,623,7476,248
TXN_20649,20250613,ACC_1285,104,Renewal,Annual Prepaid,12500,150000,228
TXN_20650,20250130,ACC_1272,102,New Business,Annual Prepaid,1499,17988,219
TXN_20651,20250809,ACC_1034,101,New Business,Annual Prepaid,499,5988,184
TXN_20652,20260704,ACC_1367,104,New Business,Annual Prepaid,12500,150000,243
TXN_20653,20251015,ACC_1335,101,New Business,Monthly Recurring,499,5988,86
TXN_20654,20260810,ACC_1005,104,Renewal,Annual Prepaid,12500,150000,190
TXN_20655,20260812,ACC_1324,101,Churn,Monthly Recurring,-499,-5988,110
TXN_20656,20260505,ACC_1095,103,New Business,Monthly Recurring,4999,59988,132
TXN_20657,20260219,ACC_1163,101,Expansion,Monthly Recurring,998,11976,36
TXN_20658,20250510,ACC_1322,103,Expansion,Annual Prepaid,7498,89976,21
TXN_20659,20260227,ACC_1352,104,Renewal,Monthly Recurring,12500,150000,111
TXN_20660,20251207,ACC_1088,101,New Business,Monthly Recurring,499,5988,158
TXN_20661,20250813,ACC_1367,102,New Business,Annual Prepaid,1499,17988,228
TXN_20662,20260910,ACC_1321,103,New Business,Monthly Recurring,4999,59988,110
TXN_20663,20260214,ACC_1280,104,New Business,Annual Prepaid,12500,150000,54
TXN_20664,20250112,ACC_1171,103,Renewal,Annual Prepaid,4999,59988,31
TXN_20665,20261018,ACC_1369,102,Expansion,Annual Prepaid,2248,26976,34
TXN_20666,20250406,ACC_1084,102,New Business,Annual Prepaid,1499,17988,192
TXN_20667,20251227,ACC_1298,104,New Business,Annual Prepaid,12500,150000,51
TXN_20668,20250704,ACC_1246,104,New Business,Monthly Recurring,12500,150000,111
TXN_20669,20250609,ACC_1283,101,Churn,Annual Prepaid,-499,-5988,70
TXN_20670,20250720,ACC_1012,104,New Business,Annual Prepaid,12500,150000,230
TXN_20671,20260801,ACC_1176,104,Expansion,Annual Prepaid,15625,187500,168
TXN_20672,20250713,ACC_1386,103,Renewal,Annual Prepaid,4999,59988,16
TXN_20673,20251007,ACC_1101,104,New Business,Annual Prepaid,12500,150000,114
TXN_20674,20261105,ACC_1334,101,Expansion,Annual Prepaid,748,8976,202
TXN_20675,20250725,ACC_1036,101,New Business,Monthly Recurring,499,5988,193
TXN_20676,20250613,ACC_1356,104,Renewal,Annual Prepaid,12500,150000,42
TXN_20677,20250503,ACC_1195,103,New Business,Annual Prepaid,4999,59988,201
TXN_20678,20260131,ACC_1149,104,New Business,Annual Prepaid,12500,150000,241
TXN_20679,20260712,ACC_1087,102,New Business,Annual Prepaid,1499,17988,48
TXN_20680,20260902,ACC_1169,102,Contraction,Annual Prepaid,-599,-7188,31
TXN_20681,20250725,ACC_1372,103,Renewal,Annual Prepaid,4999,59988,101
TXN_20682,20260421,ACC_1245,103,New Business,Annual Prepaid,4999,59988,186
TXN_20683,20250908,ACC_1190,103,Renewal,Monthly Recurring,4999,59988,137
TXN_20684,20260213,ACC_1201,101,New Business,Annual Prepaid,499,5988,198
TXN_20685,20250313,ACC_1325,104,New Business,Annual Prepaid,12500,150000,216
TXN_20686,20260720,ACC_1343,104,New Business,Annual Prepaid,12500,150000,161
TXN_20687,20260616,ACC_1054,102,New Business,Annual Prepaid,1499,17988,197
TXN_20688,20250509,ACC_1383,102,Expansion,Annual Prepaid,1873,22476,88
TXN_20689,20261104,ACC_1326,104,New Business,Annual Prepaid,12500,150000,167
TXN_20690,20250731,ACC_1197,103,New Business,Monthly Recurring,4999,59988,77
TXN_20691,20250412,ACC_1167,104,Expansion,Annual Prepaid,25000,300000,145
TXN_20692,20260421,ACC_1397,104,Renewal,Annual Prepaid,12500,150000,185
TXN_20693,20250719,ACC_1365,102,New Business,Monthly Recurring,1499,17988,244
TXN_20694,20250318,ACC_1115,102,New Business,Annual Prepaid,1499,17988,24
TXN_20695,20250726,ACC_1211,104,New Business,Annual Prepaid,12500,150000,210
TXN_20696,20260607,ACC_1267,102,New Business,Annual Prepaid,1499,17988,175
TXN_20697,20260104,ACC_1275,104,Expansion,Annual Prepaid,18750,225000,103
TXN_20698,20260111,ACC_1232,104,Expansion,Annual Prepaid,25000,300000,65
TXN_20699,20261014,ACC_1324,101,Renewal,Annual Prepaid,499,5988,121
TXN_20700,20250926,ACC_1046,101,New Business,Monthly Recurring,499,5988,122
TXN_20701,20250917,ACC_1054,101,Churn,Annual Prepaid,-499,-5988,53
TXN_20702,20251214,ACC_1007,102,New Business,Monthly Recurring,1499,17988,219
TXN_20703,20260102,ACC_1279,102,Expansion,Annual Prepaid,1873,22476,58
TXN_20704,20251130,ACC_1029,103,New Business,Annual Prepaid,4999,59988,96
TXN_20705,20260218,ACC_1273,103,Expansion,Monthly Recurring,6248,74976,114
TXN_20706,20260522,ACC_1217,103,New Business,Annual Prepaid,4999,59988,68
TXN_20707,20251116,ACC_1246,104,Expansion,Annual Prepaid,25000,300000,11
TXN_20708,20250618,ACC_1278,101,Churn,Annual Prepaid,-499,-5988,189
TXN_20709,20261104,ACC_1391,104,Expansion,Annual Prepaid,15625,187500,192
TXN_20710,20260517,ACC_1004,101,Expansion,Annual Prepaid,748,8976,75
TXN_20711,20260604,ACC_1178,101,New Business,Annual Prepaid,499,5988,215
TXN_20712,20251010,ACC_1292,102,Expansion,Annual Prepaid,2248,26976,160
TXN_20713,20250706,ACC_1016,103,New Business,Annual Prepaid,4999,59988,169
TXN_20714,20250208,ACC_1017,103,Contraction,Annual Prepaid,-1999,-23988,34
TXN_20715,20250418,ACC_1158,102,Expansion,Annual Prepaid,2248,26976,94
TXN_20716,20250914,ACC_1181,103,Contraction,Annual Prepaid,-1999,-23988,94
TXN_20717,20260805,ACC_1087,102,New Business,Annual Prepaid,1499,17988,156
TXN_20718,20260830,ACC_1086,103,Expansion,Monthly Recurring,7498,89976,174
TXN_20719,20260922,ACC_1033,102,Renewal,Annual Prepaid,1499,17988,171
TXN_20720,20260625,ACC_1393,102,New Business,Annual Prepaid,1499,17988,194
TXN_20721,20260502,ACC_1117,103,Expansion,Annual Prepaid,6248,74976,22
TXN_20722,20260226,ACC_1259,103,Contraction,Annual Prepaid,-1999,-23988,165
TXN_20723,20260607,ACC_1364,103,New Business,Monthly Recurring,4999,59988,214
TXN_20724,20250122,ACC_1196,101,Expansion,Monthly Recurring,748,8976,138
TXN_20725,20260721,ACC_1025,103,Expansion,Monthly Recurring,9998,119976,146
TXN_20726,20250628,ACC_1167,104,Expansion,Annual Prepaid,25000,300000,190
TXN_20727,20250716,ACC_1150,104,Renewal,Monthly Recurring,12500,150000,228
TXN_20728,20250503,ACC_1330,103,Renewal,Annual Prepaid,4999,59988,87
TXN_20729,20250204,ACC_1266,104,New Business,Annual Prepaid,12500,150000,115
TXN_20730,20250308,ACC_1294,101,Churn,Annual Prepaid,-499,-5988,126
TXN_20731,20260820,ACC_1340,103,Expansion,Annual Prepaid,9998,119976,91
TXN_20732,20250109,ACC_1016,101,Churn,Annual Prepaid,-499,-5988,81
TXN_20733,20250814,ACC_1327,103,Renewal,Annual Prepaid,4999,59988,156
TXN_20734,20250923,ACC_1113,101,Expansion,Annual Prepaid,998,11976,204
TXN_20735,20251211,ACC_1369,101,Contraction,Annual Prepaid,-199,-2388,158
TXN_20736,20250620,ACC_1368,102,New Business,Annual Prepaid,1499,17988,201
TXN_20737,20260709,ACC_1025,102,Contraction,Annual Prepaid,-599,-7188,150
TXN_20738,20250402,ACC_1315,104,New Business,Annual Prepaid,12500,150000,159
TXN_20739,20260413,ACC_1160,103,Expansion,Annual Prepaid,6248,74976,230
TXN_20740,20260308,ACC_1323,102,Expansion,Annual Prepaid,2998,35976,17
TXN_20741,20260102,ACC_1197,101,New Business,Annual Prepaid,499,5988,206
TXN_20742,20260811,ACC_1301,102,New Business,Annual Prepaid,1499,17988,118
TXN_20743,20250527,ACC_1111,101,Renewal,Monthly Recurring,499,5988,57
TXN_20744,20260711,ACC_1026,102,Churn,Annual Prepaid,-1499,-17988,237
TXN_20745,20261025,ACC_1193,103,Renewal,Annual Prepaid,4999,59988,23
TXN_20746,20251016,ACC_1338,104,Renewal,Monthly Recurring,12500,150000,127
TXN_20747,20250206,ACC_1180,101,New Business,Annual Prepaid,499,5988,102
TXN_20748,20251021,ACC_1127,103,Expansion,Annual Prepaid,6248,74976,58
TXN_20749,20260223,ACC_1150,104,Renewal,Annual Prepaid,12500,150000,50
TXN_20750,20250802,ACC_1328,104,Renewal,Monthly Recurring,12500,150000,236
TXN_20751,20261008,ACC_1085,101,Expansion,Annual Prepaid,998,11976,91
TXN_20752,20260812,ACC_1363,103,Expansion,Annual Prepaid,9998,119976,211
TXN_20753,20260411,ACC_1225,101,Expansion,Monthly Recurring,998,11976,183
TXN_20754,20251206,ACC_1170,103,Renewal,Annual Prepaid,4999,59988,95
TXN_20755,20260617,ACC_1137,101,Expansion,Annual Prepaid,748,8976,49
TXN_20756,20250411,ACC_1077,101,New Business,Monthly Recurring,499,5988,96
TXN_20757,20250227,ACC_1028,101,New Business,Annual Prepaid,499,5988,138
TXN_20758,20250316,ACC_1331,101,New Business,Annual Prepaid,499,5988,172
TXN_20759,20250813,ACC_1259,103,Expansion,Annual Prepaid,9998,119976,245
TXN_20760,20250204,ACC_1372,101,New Business,Monthly Recurring,499,5988,232
TXN_20761,20250506,ACC_1153,101,Expansion,Annual Prepaid,998,11976,148
TXN_20762,20250125,ACC_1226,101,Renewal,Monthly Recurring,499,5988,247
TXN_20763,20260426,ACC_1329,101,New Business,Annual Prepaid,499,5988,240
TXN_20764,20251211,ACC_1360,103,Expansion,Annual Prepaid,6248,74976,25
TXN_20765,20250217,ACC_1122,102,Expansion,Annual Prepaid,2998,35976,238
TXN_20766,20251001,ACC_1010,102,Renewal,Annual Prepaid,1499,17988,248
TXN_20767,20260531,ACC_1381,101,Expansion,Monthly Recurring,998,11976,113
TXN_20768,20250929,ACC_1137,102,Contraction,Annual Prepaid,-599,-7188,125
TXN_20769,20250320,ACC_1308,101,Expansion,Monthly Recurring,748,8976,97
TXN_20770,20251126,ACC_1013,104,Churn,Annual Prepaid,-12500,-150000,109
TXN_20771,20260101,ACC_1008,103,New Business,Annual Prepaid,4999,59988,226
TXN_20772,20260524,ACC_1117,103,New Business,Annual Prepaid,4999,59988,168
TXN_20773,20250315,ACC_1376,101,Renewal,Monthly Recurring,499,5988,77
TXN_20774,20260726,ACC_1308,103,New Business,Annual Prepaid,4999,59988,44
TXN_20775,20261031,ACC_1320,103,New Business,Annual Prepaid,4999,59988,183
TXN_20776,20260310,ACC_1197,103,New Business,Annual Prepaid,4999,59988,187
TXN_20777,20250113,ACC_1209,101,Renewal,Annual Prepaid,499,5988,224
TXN_20778,20250409,ACC_1106,103,Expansion,Annual Prepaid,7498,89976,88
TXN_20779,20260412,ACC_1192,101,New Business,Annual Prepaid,499,5988,66
TXN_20780,20251120,ACC_1144,104,Contraction,Monthly Recurring,-5000,-60000,240
TXN_20781,20260412,ACC_1035,103,New Business,Monthly Recurring,4999,59988,11
TXN_20782,20250524,ACC_1030,103,Renewal,Annual Prepaid,4999,59988,236
TXN_20783,20260815,ACC_1179,104,New Business,Monthly Recurring,12500,150000,46
TXN_20784,20250107,ACC_1273,103,Contraction,Monthly Recurring,-1999,-23988,38
TXN_20785,20250803,ACC_1036,101,Contraction,Monthly Recurring,-199,-2388,130
TXN_20786,20260622,ACC_1337,102,Renewal,Annual Prepaid,1499,17988,130
TXN_20787,20250708,ACC_1284,103,New Business,Annual Prepaid,4999,59988,94
TXN_20788,20250810,ACC_1176,101,Renewal,Monthly Recurring,499,5988,183
TXN_20789,20250228,ACC_1276,104,New Business,Monthly Recurring,12500,150000,113
TXN_20790,20251108,ACC_1385,101,Renewal,Annual Prepaid,499,5988,39
TXN_20791,20260908,ACC_1379,103,New Business,Monthly Recurring,4999,59988,5
TXN_20792,20250621,ACC_1219,104,Renewal,Annual Prepaid,12500,150000,127
TXN_20793,20260729,ACC_1331,102,Expansion,Annual Prepaid,1873,22476,131
TXN_20794,20260714,ACC_1209,103,Renewal,Monthly Recurring,4999,59988,120
TXN_20795,20250927,ACC_1175,102,Expansion,Monthly Recurring,2998,35976,65
TXN_20796,20260920,ACC_1095,101,New Business,Annual Prepaid,499,5988,54
TXN_20797,20260805,ACC_1206,102,New Business,Annual Prepaid,1499,17988,54
TXN_20798,20260122,ACC_1292,103,New Business,Annual Prepaid,4999,59988,209
TXN_20799,20251218,ACC_1361,102,Renewal,Annual Prepaid,1499,17988,226
TXN_20800,20260630,ACC_1372,101,New Business,Annual Prepaid,499,5988,240
TXN_20801,20250323,ACC_1334,101,New Business,Annual Prepaid,499,5988,225
TXN_20802,20250114,ACC_1192,101,Expansion,Annual Prepaid,998,11976,213
TXN_20803,20250404,ACC_1357,102,Contraction,Annual Prepaid,-599,-7188,89
TXN_20804,20251102,ACC_1245,102,New Business,Annual Prepaid,1499,17988,117
TXN_20805,20250510,ACC_1273,104,New Business,Monthly Recurring,12500,150000,171
TXN_20806,20251121,ACC_1350,102,New Business,Annual Prepaid,1499,17988,196
TXN_20807,20260503,ACC_1016,103,New Business,Annual Prepaid,4999,59988,174
TXN_20808,20260904,ACC_1185,102,New Business,Annual Prepaid,1499,17988,218
TXN_20809,20260226,ACC_1278,102,New Business,Monthly Recurring,1499,17988,101
TXN_20810,20250407,ACC_1018,103,Contraction,Monthly Recurring,-1999,-23988,136
TXN_20811,20250228,ACC_1260,101,New Business,Annual Prepaid,499,5988,32
TXN_20812,20260805,ACC_1106,101,Renewal,Annual Prepaid,499,5988,38
TXN_20813,20250225,ACC_1087,102,New Business,Annual Prepaid,1499,17988,188
TXN_20814,20250817,ACC_1018,102,New Business,Annual Prepaid,1499,17988,193
TXN_20815,20260514,ACC_1079,102,Contraction,Annual Prepaid,-599,-7188,102
TXN_20816,20250905,ACC_1314,104,Churn,Annual Prepaid,-12500,-150000,11
TXN_20817,20250712,ACC_1296,102,New Business,Monthly Recurring,1499,17988,53
TXN_20818,20260419,ACC_1052,102,New Business,Annual Prepaid,1499,17988,179
TXN_20819,20250717,ACC_1332,102,New Business,Annual Prepaid,1499,17988,220
TXN_20820,20260104,ACC_1328,101,Churn,Annual Prepaid,-499,-5988,179
TXN_20821,20260903,ACC_1083,102,Expansion,Annual Prepaid,2248,26976,26
TXN_20822,20260301,ACC_1212,102,Expansion,Annual Prepaid,2248,26976,35
TXN_20823,20250502,ACC_1158,104,Renewal,Annual Prepaid,12500,150000,146
TXN_20824,20260722,ACC_1207,102,Contraction,Annual Prepaid,-599,-7188,61
TXN_20825,20260422,ACC_1291,102,New Business,Annual Prepaid,1499,17988,69
TXN_20826,20260612,ACC_1179,101,New Business,Annual Prepaid,499,5988,65
TXN_20827,20250306,ACC_1054,104,New Business,Monthly Recurring,12500,150000,196
TXN_20828,20260619,ACC_1171,101,Renewal,Monthly Recurring,499,5988,185
TXN_20829,20260328,ACC_1327,104,New Business,Monthly Recurring,12500,150000,20
TXN_20830,20250110,ACC_1327,104,Renewal,Annual Prepaid,12500,150000,85
TXN_20831,20251206,ACC_1140,102,Renewal,Annual Prepaid,1499,17988,243
TXN_20832,20250214,ACC_1058,102,Renewal,Annual Prepaid,1499,17988,27
TXN_20833,20250407,ACC_1391,103,Churn,Annual Prepaid,-4999,-59988,113
TXN_20834,20250310,ACC_1055,104,New Business,Annual Prepaid,12500,150000,59
TXN_20835,20260923,ACC_1378,101,Expansion,Annual Prepaid,748,8976,39
TXN_20836,20260630,ACC_1079,103,New Business,Annual Prepaid,4999,59988,173
TXN_20837,20250201,ACC_1151,103,Contraction,Annual Prepaid,-1999,-23988,47
TXN_20838,20250927,ACC_1391,101,New Business,Annual Prepaid,499,5988,10
TXN_20839,20250814,ACC_1103,102,New Business,Annual Prepaid,1499,17988,153
TXN_20840,20250315,ACC_1126,104,New Business,Monthly Recurring,12500,150000,243
TXN_20841,20250225,ACC_1170,103,Renewal,Annual Prepaid,4999,59988,36
TXN_20842,20260509,ACC_1015,102,Renewal,Annual Prepaid,1499,17988,190
TXN_20843,20250718,ACC_1130,103,New Business,Annual Prepaid,4999,59988,93
TXN_20844,20260323,ACC_1215,104,New Business,Annual Prepaid,12500,150000,207
TXN_20845,20260303,ACC_1074,101,Expansion,Annual Prepaid,623,7476,177
TXN_20846,20260901,ACC_1344,104,New Business,Annual Prepaid,12500,150000,233
TXN_20847,20251114,ACC_1313,102,Expansion,Annual Prepaid,1873,22476,21
TXN_20848,20250617,ACC_1117,102,Churn,Monthly Recurring,-1499,-17988,89
TXN_20849,20250601,ACC_1149,102,Contraction,Annual Prepaid,-599,-7188,149
TXN_20850,20250411,ACC_1274,102,New Business,Annual Prepaid,1499,17988,21
TXN_20851,20250512,ACC_1073,102,Renewal,Monthly Recurring,1499,17988,152
TXN_20852,20260912,ACC_1376,104,Expansion,Annual Prepaid,15625,187500,159
TXN_20853,20260615,ACC_1271,104,New Business,Annual Prepaid,12500,150000,30
TXN_20854,20250402,ACC_1217,102,New Business,Annual Prepaid,1499,17988,228
TXN_20855,20250930,ACC_1181,103,Expansion,Annual Prepaid,6248,74976,188
TXN_20856,20260721,ACC_1319,103,Expansion,Annual Prepaid,7498,89976,56
TXN_20857,20250215,ACC_1356,101,Expansion,Annual Prepaid,748,8976,156
TXN_20858,20260715,ACC_1189,102,Expansion,Annual Prepaid,1873,22476,212
TXN_20859,20260502,ACC_1144,102,Expansion,Annual Prepaid,2248,26976,84
TXN_20860,20261028,ACC_1071,101,New Business,Annual Prepaid,499,5988,203
TXN_20861,20260729,ACC_1161,102,New Business,Annual Prepaid,1499,17988,72
TXN_20862,20260202,ACC_1253,102,Churn,Monthly Recurring,-1499,-17988,53
TXN_20863,20260813,ACC_1140,102,Expansion,Annual Prepaid,2248,26976,30
TXN_20864,20260801,ACC_1149,104,Expansion,Monthly Recurring,18750,225000,83
TXN_20865,20251031,ACC_1205,103,Expansion,Annual Prepaid,7498,89976,191
TXN_20866,20251118,ACC_1046,103,Expansion,Annual Prepaid,7498,89976,166
TXN_20867,20250711,ACC_1044,101,Expansion,Annual Prepaid,748,8976,184
TXN_20868,20250220,ACC_1123,102,Expansion,Annual Prepaid,2998,35976,23
TXN_20869,20260911,ACC_1262,104,Contraction,Annual Prepaid,-5000,-60000,139
TXN_20870,20260122,ACC_1069,103,New Business,Annual Prepaid,4999,59988,27
TXN_20871,20260122,ACC_1181,101,New Business,Annual Prepaid,499,5988,21
TXN_20872,20250924,ACC_1154,101,Renewal,Monthly Recurring,499,5988,110
TXN_20873,20260518,ACC_1381,103,New Business,Monthly Recurring,4999,59988,144
TXN_20874,20260630,ACC_1294,104,New Business,Annual Prepaid,12500,150000,126
TXN_20875,20260531,ACC_1145,103,New Business,Annual Prepaid,4999,59988,102
TXN_20876,20250512,ACC_1106,101,Expansion,Monthly Recurring,748,8976,134
TXN_20877,20260127,ACC_1012,101,Renewal,Annual Prepaid,499,5988,15
TXN_20878,20260604,ACC_1383,104,Expansion,Annual Prepaid,18750,225000,57
TXN_20879,20250422,ACC_1228,102,Renewal,Annual Prepaid,1499,17988,225
TXN_20880,20260314,ACC_1362,104,Expansion,Annual Prepaid,18750,225000,153
TXN_20881,20250120,ACC_1236,102,New Business,Monthly Recurring,1499,17988,139
TXN_20882,20251021,ACC_1393,101,Renewal,Annual Prepaid,499,5988,48
TXN_20883,20260322,ACC_1086,104,Contraction,Annual Prepaid,-5000,-60000,149
TXN_20884,20260717,ACC_1051,102,New Business,Annual Prepaid,1499,17988,204
TXN_20885,20260117,ACC_1248,102,Expansion,Annual Prepaid,2998,35976,191
TXN_20886,20251218,ACC_1018,104,Renewal,Monthly Recurring,12500,150000,46
TXN_20887,20250629,ACC_1283,102,Expansion,Annual Prepaid,2248,26976,30
TXN_20888,20250226,ACC_1025,103,Renewal,Annual Prepaid,4999,59988,130
TXN_20889,20260331,ACC_1343,101,Renewal,Annual Prepaid,499,5988,217
TXN_20890,20250817,ACC_1258,102,New Business,Annual Prepaid,1499,17988,39
TXN_20891,20260914,ACC_1370,101,Expansion,Annual Prepaid,748,8976,129
TXN_20892,20251209,ACC_1030,104,New Business,Monthly Recurring,12500,150000,143
TXN_20893,20250610,ACC_1194,102,Expansion,Annual Prepaid,2998,35976,93
TXN_20894,20251002,ACC_1324,102,Renewal,Annual Prepaid,1499,17988,58
TXN_20895,20260630,ACC_1208,101,New Business,Annual Prepaid,499,5988,140
TXN_20896,20260214,ACC_1018,101,Expansion,Annual Prepaid,748,8976,87
TXN_20897,20250907,ACC_1285,103,Contraction,Monthly Recurring,-1999,-23988,134
TXN_20898,20260430,ACC_1108,104,Expansion,Annual Prepaid,18750,225000,131
TXN_20899,20250723,ACC_1391,102,Contraction,Annual Prepaid,-599,-7188,172
TXN_20900,20260201,ACC_1254,104,Renewal,Annual Prepaid,12500,150000,78
TXN_20901,20260101,ACC_1308,101,New Business,Annual Prepaid,499,5988,110
TXN_20902,20260220,ACC_1248,103,Renewal,Annual Prepaid,4999,59988,147
TXN_20903,20260731,ACC_1240,104,Renewal,Annual Prepaid,12500,150000,112
TXN_20904,20250809,ACC_1026,101,New Business,Annual Prepaid,499,5988,241
TXN_20905,20260406,ACC_1237,101,Churn,Annual Prepaid,-499,-5988,148
TXN_20906,20251202,ACC_1189,103,Expansion,Annual Prepaid,9998,119976,157
TXN_20907,20250913,ACC_1300,104,Expansion,Annual Prepaid,15625,187500,16
TXN_20908,20251011,ACC_1325,102,Renewal,Monthly Recurring,1499,17988,201
TXN_20909,20260910,ACC_1366,102,Renewal,Annual Prepaid,1499,17988,62
TXN_20910,20250630,ACC_1078,103,Contraction,Annual Prepaid,-1999,-23988,60
TXN_20911,20251103,ACC_1105,104,Contraction,Annual Prepaid,-5000,-60000,125
TXN_20912,20250809,ACC_1143,102,New Business,Annual Prepaid,1499,17988,55
TXN_20913,20251008,ACC_1010,104,Churn,Annual Prepaid,-12500,-150000,102
TXN_20914,20251105,ACC_1101,103,Renewal,Annual Prepaid,4999,59988,167
TXN_20915,20250415,ACC_1063,101,New Business,Annual Prepaid,499,5988,97
TXN_20916,20250128,ACC_1255,101,New Business,Annual Prepaid,499,5988,80
TXN_20917,20260528,ACC_1116,101,New Business,Annual Prepaid,499,5988,222
TXN_20918,20250619,ACC_1273,104,Churn,Annual Prepaid,-12500,-150000,94
TXN_20919,20250530,ACC_1049,102,Renewal,Annual Prepaid,1499,17988,63
TXN_20920,20260715,ACC_1324,103,New Business,Annual Prepaid,4999,59988,130
TXN_20921,20260714,ACC_1239,103,Renewal,Annual Prepaid,4999,59988,102
TXN_20922,20250321,ACC_1216,101,Renewal,Annual Prepaid,499,5988,209
TXN_20923,20260423,ACC_1399,103,Expansion,Monthly Recurring,7498,89976,218
TXN_20924,20260518,ACC_1369,102,Contraction,Annual Prepaid,-599,-7188,80
TXN_20925,20250213,ACC_1311,101,Expansion,Annual Prepaid,998,11976,185
TXN_20926,20260612,ACC_1084,103,Renewal,Annual Prepaid,4999,59988,211
TXN_20927,20260207,ACC_1145,102,Renewal,Annual Prepaid,1499,17988,150
TXN_20928,20260413,ACC_1206,102,Expansion,Annual Prepaid,2998,35976,11
TXN_20929,20260522,ACC_1249,104,New Business,Monthly Recurring,12500,150000,73
TXN_20930,20251024,ACC_1055,102,Expansion,Annual Prepaid,1873,22476,126
TXN_20931,20260320,ACC_1394,102,Renewal,Monthly Recurring,1499,17988,153
TXN_20932,20250319,ACC_1392,101,Renewal,Annual Prepaid,499,5988,217
TXN_20933,20250227,ACC_1049,101,New Business,Annual Prepaid,499,5988,227
TXN_20934,20250620,ACC_1308,101,Contraction,Annual Prepaid,-199,-2388,232
TXN_20935,20260901,ACC_1306,101,New Business,Annual Prepaid,499,5988,47
TXN_20936,20250405,ACC_1292,102,New Business,Monthly Recurring,1499,17988,133
TXN_20937,20250402,ACC_1071,102,Expansion,Annual Prepaid,2998,35976,242
TXN_20938,20250125,ACC_1372,104,Expansion,Annual Prepaid,15625,187500,22
TXN_20939,20260119,ACC_1198,101,New Business,Monthly Recurring,499,5988,241
TXN_20940,20260706,ACC_1387,102,Expansion,Monthly Recurring,2998,35976,241
TXN_20941,20250419,ACC_1055,104,New Business,Monthly Recurring,12500,150000,188
TXN_20942,20260108,ACC_1368,103,Expansion,Annual Prepaid,6248,74976,205
TXN_20943,20250730,ACC_1337,101,Renewal,Annual Prepaid,499,5988,122
TXN_20944,20251125,ACC_1191,102,Churn,Annual Prepaid,-1499,-17988,179
TXN_20945,20250119,ACC_1258,103,Renewal,Monthly Recurring,4999,59988,171
TXN_20946,20250322,ACC_1373,102,Expansion,Annual Prepaid,2998,35976,177
TXN_20947,20261101,ACC_1388,102,New Business,Annual Prepaid,1499,17988,220
TXN_20948,20261026,ACC_1285,101,New Business,Annual Prepaid,499,5988,150
TXN_20949,20260613,ACC_1057,103,Expansion,Monthly Recurring,7498,89976,103
TXN_20950,20251015,ACC_1279,101,Contraction,Annual Prepaid,-199,-2388,19
TXN_20951,20250730,ACC_1188,101,Expansion,Monthly Recurring,623,7476,69
TXN_20952,20260606,ACC_1213,101,Renewal,Annual Prepaid,499,5988,63
TXN_20953,20250526,ACC_1096,102,New Business,Monthly Recurring,1499,17988,164
TXN_20954,20261110,ACC_1027,104,Contraction,Monthly Recurring,-5000,-60000,86
TXN_20955,20250611,ACC_1072,102,Contraction,Annual Prepaid,-599,-7188,150
TXN_20956,20260509,ACC_1038,103,Expansion,Annual Prepaid,9998,119976,86
TXN_20957,20250104,ACC_1389,102,New Business,Monthly Recurring,1499,17988,196
TXN_20958,20250530,ACC_1204,102,Expansion,Annual Prepaid,2998,35976,152
TXN_20959,20260408,ACC_1381,102,New Business,Annual Prepaid,1499,17988,5
TXN_20960,20260910,ACC_1135,101,New Business,Annual Prepaid,499,5988,182
TXN_20961,20261020,ACC_1298,102,Renewal,Monthly Recurring,1499,17988,211
TXN_20962,20251123,ACC_1108,102,Renewal,Annual Prepaid,1499,17988,227
TXN_20963,20250429,ACC_1252,103,New Business,Annual Prepaid,4999,59988,246
TXN_20964,20260222,ACC_1045,102,New Business,Monthly Recurring,1499,17988,82
TXN_20965,20260220,ACC_1326,102,Expansion,Monthly Recurring,2998,35976,90
TXN_20966,20251128,ACC_1074,103,New Business,Annual Prepaid,4999,59988,149
TXN_20967,20250104,ACC_1007,101,Expansion,Annual Prepaid,748,8976,21
TXN_20968,20251004,ACC_1052,102,Renewal,Annual Prepaid,1499,17988,8
TXN_20969,20251120,ACC_1152,103,Expansion,Annual Prepaid,6248,74976,180
TXN_20970,20260912,ACC_1310,103,New Business,Annual Prepaid,4999,59988,209
TXN_20971,20261029,ACC_1324,102,Renewal,Annual Prepaid,1499,17988,168
TXN_20972,20260812,ACC_1232,101,New Business,Annual Prepaid,499,5988,56
TXN_20973,20260618,ACC_1348,103,Contraction,Annual Prepaid,-1999,-23988,187
TXN_20974,20260131,ACC_1323,103,Renewal,Monthly Recurring,4999,59988,88
TXN_20975,20260508,ACC_1103,103,New Business,Annual Prepaid,4999,59988,124
TXN_20976,20251202,ACC_1353,101,Renewal,Annual Prepaid,499,5988,39
TXN_20977,20260607,ACC_1259,104,New Business,Monthly Recurring,12500,150000,121
TXN_20978,20250611,ACC_1184,102,Renewal,Annual Prepaid,1499,17988,35
TXN_20979,20250307,ACC_1075,101,Expansion,Annual Prepaid,748,8976,164
TXN_20980,20260409,ACC_1020,101,New Business,Annual Prepaid,499,5988,203
TXN_20981,20251122,ACC_1039,101,Expansion,Annual Prepaid,623,7476,242
TXN_20982,20250802,ACC_1070,102,Renewal,Annual Prepaid,1499,17988,83
TXN_20983,20261108,ACC_1252,101,Renewal,Monthly Recurring,499,5988,37
TXN_20984,20250615,ACC_1278,102,Expansion,Annual Prepaid,2248,26976,226
TXN_20985,20260814,ACC_1243,103,New Business,Annual Prepaid,4999,59988,180
TXN_20986,20250116,ACC_1300,102,New Business,Annual Prepaid,1499,17988,167
TXN_20987,20260409,ACC_1098,104,Expansion,Monthly Recurring,25000,300000,96
TXN_20988,20250708,ACC_1181,103,Renewal,Annual Prepaid,4999,59988,62
TXN_20989,20260719,ACC_1128,103,New Business,Annual Prepaid,4999,59988,201
TXN_20990,20250603,ACC_1226,101,Renewal,Annual Prepaid,499,5988,151
TXN_20991,20260929,ACC_1393,104,New Business,Annual Prepaid,12500,150000,43
TXN_20992,20250305,ACC_1260,102,New Business,Annual Prepaid,1499,17988,15
TXN_20993,20260215,ACC_1097,102,Renewal,Annual Prepaid,1499,17988,43
TXN_20994,20260826,ACC_1223,102,Churn,Annual Prepaid,-1499,-17988,115
TXN_20995,20260903,ACC_1338,103,Renewal,Annual Prepaid,4999,59988,160
TXN_20996,20260501,ACC_1103,101,Contraction,Annual Prepaid,-199,-2388,195
TXN_20997,20260507,ACC_1051,102,Renewal,Annual Prepaid,1499,17988,206
TXN_20998,20250707,ACC_1069,101,Expansion,Monthly Recurring,748,8976,14
TXN_20999,20250326,ACC_1114,104,Expansion,Annual Prepaid,15625,187500,244
TXN_21000,20250806,ACC_1177,103,Expansion,Monthly Recurring,6248,74976,94
TXN_21001,20260807,ACC_1230,103,New Business,Annual Prepaid,4999,59988,19
TXN_21002,20260225,ACC_1123,104,New Business,Annual Prepaid,12500,150000,51
TXN_21003,20251107,ACC_1351,101,Expansion,Annual Prepaid,998,11976,186
TXN_21004,20251224,ACC_1155,102,Expansion,Monthly Recurring,2248,26976,204
TXN_21005,20260501,ACC_1264,101,Expansion,Annual Prepaid,623,7476,195
TXN_21006,20250921,ACC_1341,104,Renewal,Monthly Recurring,12500,150000,35
TXN_21007,20250928,ACC_1249,101,Expansion,Monthly Recurring,748,8976,33
TXN_21008,20260703,ACC_1080,104,New Business,Annual Prepaid,12500,150000,155
TXN_21009,20260216,ACC_1232,101,New Business,Annual Prepaid,499,5988,163
TXN_21010,20250314,ACC_1014,101,New Business,Annual Prepaid,499,5988,95
TXN_21011,20250808,ACC_1216,101,New Business,Monthly Recurring,499,5988,225
TXN_21012,20261107,ACC_1389,102,New Business,Annual Prepaid,1499,17988,62
TXN_21013,20250509,ACC_1302,102,Renewal,Annual Prepaid,1499,17988,174
TXN_21014,20250106,ACC_1153,102,New Business,Annual Prepaid,1499,17988,74
TXN_21015,20250323,ACC_1053,102,New Business,Monthly Recurring,1499,17988,208
TXN_21016,20260620,ACC_1150,101,Expansion,Annual Prepaid,623,7476,133
TXN_21017,20250415,ACC_1117,104,Churn,Annual Prepaid,-12500,-150000,50
TXN_21018,20260507,ACC_1311,103,New Business,Annual Prepaid,4999,59988,81
TXN_21019,20260620,ACC_1024,103,Contraction,Annual Prepaid,-1999,-23988,212
TXN_21020,20250726,ACC_1016,103,Renewal,Annual Prepaid,4999,59988,230
TXN_21021,20250425,ACC_1267,101,Renewal,Monthly Recurring,499,5988,73
TXN_21022,20260427,ACC_1397,102,New Business,Annual Prepaid,1499,17988,238
TXN_21023,20250208,ACC_1178,103,Renewal,Monthly Recurring,4999,59988,11
TXN_21024,20250625,ACC_1049,102,New Business,Annual Prepaid,1499,17988,237
TXN_21025,20251003,ACC_1383,103,New Business,Annual Prepaid,4999,59988,168
TXN_21026,20250707,ACC_1288,104,Expansion,Annual Prepaid,25000,300000,58
TXN_21027,20260815,ACC_1036,101,Expansion,Annual Prepaid,748,8976,73
TXN_21028,20260911,ACC_1128,103,New Business,Monthly Recurring,4999,59988,105
TXN_21029,20251019,ACC_1181,104,New Business,Annual Prepaid,12500,150000,214
TXN_21030,20250121,ACC_1169,102,Expansion,Annual Prepaid,2998,35976,33
TXN_21031,20251202,ACC_1310,102,Expansion,Annual Prepaid,2998,35976,227
TXN_21032,20250625,ACC_1049,101,New Business,Annual Prepaid,499,5988,63
TXN_21033,20260510,ACC_1353,103,New Business,Monthly Recurring,4999,59988,6
TXN_21034,20250817,ACC_1243,101,Renewal,Monthly Recurring,499,5988,136
TXN_21035,20250112,ACC_1140,101,Expansion,Annual Prepaid,998,11976,110
TXN_21036,20250310,ACC_1032,102,Contraction,Monthly Recurring,-599,-7188,141
TXN_21037,20250129,ACC_1100,102,New Business,Annual Prepaid,1499,17988,210
TXN_21038,20250606,ACC_1143,102,Renewal,Annual Prepaid,1499,17988,8
TXN_21039,20250621,ACC_1082,102,New Business,Monthly Recurring,1499,17988,79
TXN_21040,20250303,ACC_1270,103,Expansion,Annual Prepaid,7498,89976,177
TXN_21041,20260616,ACC_1362,102,Contraction,Monthly Recurring,-599,-7188,221
TXN_21042,20260407,ACC_1313,102,New Business,Annual Prepaid,1499,17988,56
TXN_21043,20250824,ACC_1293,104,Expansion,Annual Prepaid,15625,187500,163
TXN_21044,20251016,ACC_1045,101,New Business,Annual Prepaid,499,5988,34
TXN_21045,20260419,ACC_1114,104,Renewal,Annual Prepaid,12500,150000,34
TXN_21046,20260530,ACC_1393,102,Expansion,Annual Prepaid,2248,26976,183
TXN_21047,20251107,ACC_1141,103,Churn,Annual Prepaid,-4999,-59988,134
TXN_21048,20250131,ACC_1246,101,Renewal,Annual Prepaid,499,5988,134
TXN_21049,20260804,ACC_1352,102,New Business,Annual Prepaid,1499,17988,48
TXN_21050,20260118,ACC_1330,104,Churn,Annual Prepaid,-12500,-150000,233
TXN_21051,20260721,ACC_1286,103,New Business,Annual Prepaid,4999,59988,7
TXN_21052,20260719,ACC_1026,101,Renewal,Annual Prepaid,499,5988,192
TXN_21053,20260429,ACC_1186,101,Contraction,Annual Prepaid,-199,-2388,107
TXN_21054,20250410,ACC_1354,102,New Business,Annual Prepaid,1499,17988,50
TXN_21055,20260918,ACC_1044,102,New Business,Annual Prepaid,1499,17988,129
TXN_21056,20251125,ACC_1380,102,Expansion,Monthly Recurring,2998,35976,29
TXN_21057,20251124,ACC_1275,101,New Business,Annual Prepaid,499,5988,159
TXN_21058,20250324,ACC_1040,104,Expansion,Annual Prepaid,18750,225000,171
TXN_21059,20250817,ACC_1188,101,New Business,Monthly Recurring,499,5988,115
TXN_21060,20260608,ACC_1016,103,Expansion,Annual Prepaid,6248,74976,121
TXN_21061,20250926,ACC_1177,102,Expansion,Annual Prepaid,1873,22476,101
TXN_21062,20250524,ACC_1235,102,New Business,Monthly Recurring,1499,17988,165
TXN_21063,20260226,ACC_1154,104,Expansion,Monthly Recurring,18750,225000,50
TXN_21064,20261020,ACC_1050,102,New Business,Annual Prepaid,1499,17988,76
TXN_21065,20250705,ACC_1330,101,Expansion,Monthly Recurring,748,8976,10
TXN_21066,20251005,ACC_1026,103,Contraction,Monthly Recurring,-1999,-23988,180
TXN_21067,20250821,ACC_1104,102,Contraction,Annual Prepaid,-599,-7188,187
TXN_21068,20250814,ACC_1251,101,New Business,Monthly Recurring,499,5988,38
TXN_21069,20260924,ACC_1291,102,Expansion,Annual Prepaid,2998,35976,180
TXN_21070,20250729,ACC_1192,101,Renewal,Monthly Recurring,499,5988,120
TXN_21071,20260829,ACC_1133,103,New Business,Annual Prepaid,4999,59988,133
TXN_21072,20260608,ACC_1091,104,Expansion,Annual Prepaid,15625,187500,41
TXN_21073,20250409,ACC_1173,104,Churn,Annual Prepaid,-12500,-150000,143
TXN_21074,20260511,ACC_1314,102,Renewal,Annual Prepaid,1499,17988,64
TXN_21075,20250711,ACC_1351,102,Contraction,Monthly Recurring,-599,-7188,247
TXN_21076,20250615,ACC_1258,104,New Business,Monthly Recurring,12500,150000,236
TXN_21077,20251130,ACC_1282,101,New Business,Monthly Recurring,499,5988,52
TXN_21078,20260128,ACC_1321,101,Expansion,Monthly Recurring,748,8976,69
TXN_21079,20260710,ACC_1283,102,New Business,Annual Prepaid,1499,17988,177
TXN_21080,20260521,ACC_1017,103,Renewal,Monthly Recurring,4999,59988,80
TXN_21081,20251029,ACC_1231,104,New Business,Monthly Recurring,12500,150000,162
TXN_21082,20250310,ACC_1069,101,Contraction,Annual Prepaid,-199,-2388,245
TXN_21083,20260829,ACC_1216,103,Expansion,Annual Prepaid,7498,89976,224
TXN_21084,20250510,ACC_1031,103,New Business,Monthly Recurring,4999,59988,31
TXN_21085,20260617,ACC_1227,102,Renewal,Annual Prepaid,1499,17988,184
TXN_21086,20251113,ACC_1341,101,Renewal,Annual Prepaid,499,5988,246
TXN_21087,20250126,ACC_1025,102,Renewal,Annual Prepaid,1499,17988,71
TXN_21088,20250113,ACC_1225,101,New Business,Annual Prepaid,499,5988,52
TXN_21089,20260829,ACC_1313,103,Renewal,Annual Prepaid,4999,59988,26
TXN_21090,20260122,ACC_1359,101,New Business,Annual Prepaid,499,5988,216
TXN_21091,20250610,ACC_1069,104,Renewal,Annual Prepaid,12500,150000,182
TXN_21092,20251128,ACC_1212,104,Renewal,Annual Prepaid,12500,150000,238
TXN_21093,20250621,ACC_1039,101,New Business,Annual Prepaid,499,5988,246
TXN_21094,20260522,ACC_1384,102,Expansion,Annual Prepaid,2248,26976,245
TXN_21095,20250618,ACC_1319,101,New Business,Monthly Recurring,499,5988,214
TXN_21096,20250331,ACC_1305,102,Contraction,Annual Prepaid,-599,-7188,59
TXN_21097,20260625,ACC_1016,103,New Business,Monthly Recurring,4999,59988,18
TXN_21098,20260205,ACC_1079,101,New Business,Annual Prepaid,499,5988,239
TXN_21099,20250607,ACC_1186,102,Expansion,Monthly Recurring,2998,35976,188
TXN_21100,20260503,ACC_1077,102,Expansion,Annual Prepaid,2248,26976,164
TXN_21101,20251122,ACC_1189,102,Expansion,Annual Prepaid,2998,35976,38
TXN_21102,20250721,ACC_1084,101,New Business,Monthly Recurring,499,5988,15
TXN_21103,20250810,ACC_1347,104,New Business,Annual Prepaid,12500,150000,84
TXN_21104,20250116,ACC_1007,104,Contraction,Annual Prepaid,-5000,-60000,16
TXN_21105,20250816,ACC_1291,101,Renewal,Annual Prepaid,499,5988,36
TXN_21106,20260208,ACC_1297,102,Expansion,Annual Prepaid,1873,22476,96
TXN_21107,20250413,ACC_1317,102,Expansion,Monthly Recurring,1873,22476,105
TXN_21108,20260408,ACC_1198,101,Renewal,Annual Prepaid,499,5988,125
TXN_21109,20260926,ACC_1398,102,Contraction,Annual Prepaid,-599,-7188,63
TXN_21110,20250820,ACC_1285,102,New Business,Annual Prepaid,1499,17988,190
TXN_21111,20250125,ACC_1024,101,Expansion,Monthly Recurring,998,11976,86
TXN_21112,20250517,ACC_1366,102,Contraction,Annual Prepaid,-599,-7188,68
TXN_21113,20250327,ACC_1328,104,Renewal,Annual Prepaid,12500,150000,57
TXN_21114,20260309,ACC_1348,103,Expansion,Annual Prepaid,9998,119976,91
TXN_21115,20260905,ACC_1396,103,New Business,Annual Prepaid,4999,59988,33
TXN_21116,20250510,ACC_1114,103,New Business,Annual Prepaid,4999,59988,248
TXN_21117,20250228,ACC_1388,102,Contraction,Monthly Recurring,-599,-7188,79
TXN_21118,20250519,ACC_1194,103,Renewal,Monthly Recurring,4999,59988,187
TXN_21119,20260428,ACC_1050,102,Expansion,Annual Prepaid,2998,35976,208
TXN_21120,20260216,ACC_1323,101,Renewal,Annual Prepaid,499,5988,29
TXN_21121,20250730,ACC_1021,102,Renewal,Annual Prepaid,1499,17988,153
TXN_21122,20250531,ACC_1188,104,New Business,Annual Prepaid,12500,150000,8
TXN_21123,20260106,ACC_1334,104,Expansion,Annual Prepaid,25000,300000,190
TXN_21124,20260527,ACC_1146,101,Expansion,Monthly Recurring,623,7476,230
TXN_21125,20260131,ACC_1006,102,New Business,Annual Prepaid,1499,17988,241
TXN_21126,20260425,ACC_1322,102,Renewal,Annual Prepaid,1499,17988,160
TXN_21127,20260220,ACC_1142,104,New Business,Monthly Recurring,12500,150000,119
TXN_21128,20250817,ACC_1344,102,New Business,Annual Prepaid,1499,17988,106
TXN_21129,20250802,ACC_1290,104,Contraction,Annual Prepaid,-5000,-60000,69
TXN_21130,20251229,ACC_1274,104,New Business,Annual Prepaid,12500,150000,128
TXN_21131,20260415,ACC_1199,103,Contraction,Annual Prepaid,-1999,-23988,120
TXN_21132,20250725,ACC_1093,102,New Business,Annual Prepaid,1499,17988,28
TXN_21133,20251105,ACC_1136,102,Contraction,Annual Prepaid,-599,-7188,223
TXN_21134,20251220,ACC_1100,101,New Business,Annual Prepaid,499,5988,107
TXN_21135,20251020,ACC_1063,103,New Business,Monthly Recurring,4999,59988,131
TXN_21136,20260421,ACC_1092,103,Expansion,Annual Prepaid,9998,119976,246
TXN_21137,20250422,ACC_1132,102,Renewal,Annual Prepaid,1499,17988,234
TXN_21138,20260102,ACC_1156,101,Expansion,Monthly Recurring,748,8976,87
TXN_21139,20260416,ACC_1240,104,Renewal,Monthly Recurring,12500,150000,193
TXN_21140,20250227,ACC_1366,102,Expansion,Monthly Recurring,1873,22476,214
TXN_21141,20260813,ACC_1041,104,New Business,Annual Prepaid,12500,150000,151
TXN_21142,20260623,ACC_1039,103,New Business,Annual Prepaid,4999,59988,195
TXN_21143,20251011,ACC_1324,103,New Business,Annual Prepaid,4999,59988,243
TXN_21144,20251205,ACC_1206,101,Contraction,Monthly Recurring,-199,-2388,7
TXN_21145,20260308,ACC_1357,101,Expansion,Annual Prepaid,748,8976,10
TXN_21146,20250809,ACC_1107,103,New Business,Monthly Recurring,4999,59988,6
TXN_21147,20250813,ACC_1201,103,New Business,Monthly Recurring,4999,59988,240
TXN_21148,20260320,ACC_1183,104,New Business,Annual Prepaid,12500,150000,10
TXN_21149,20260425,ACC_1236,103,Renewal,Monthly Recurring,4999,59988,239
TXN_21150,20260723,ACC_1289,102,Expansion,Annual Prepaid,2248,26976,124
TXN_21151,20260408,ACC_1087,103,Churn,Annual Prepaid,-4999,-59988,88
TXN_21152,20250601,ACC_1242,101,New Business,Annual Prepaid,499,5988,26
TXN_21153,20250823,ACC_1139,104,Expansion,Monthly Recurring,25000,300000,42
TXN_21154,20251214,ACC_1136,102,Expansion,Annual Prepaid,2248,26976,240
TXN_21155,20251104,ACC_1383,101,Contraction,Monthly Recurring,-199,-2388,225
TXN_21156,20250724,ACC_1009,101,Contraction,Annual Prepaid,-199,-2388,89
TXN_21157,20250425,ACC_1197,102,Renewal,Annual Prepaid,1499,17988,69
TXN_21158,20260127,ACC_1276,101,Expansion,Annual Prepaid,748,8976,237
TXN_21159,20250626,ACC_1195,103,Expansion,Monthly Recurring,6248,74976,122
TXN_21160,20251226,ACC_1164,103,Expansion,Annual Prepaid,6248,74976,136
TXN_21161,20250629,ACC_1253,102,Renewal,Annual Prepaid,1499,17988,239
TXN_21162,20261009,ACC_1343,104,Renewal,Annual Prepaid,12500,150000,79
TXN_21163,20250413,ACC_1225,102,Renewal,Annual Prepaid,1499,17988,132
TXN_21164,20250828,ACC_1055,103,Contraction,Annual Prepaid,-1999,-23988,205
TXN_21165,20260315,ACC_1233,102,Contraction,Annual Prepaid,-599,-7188,93
TXN_21166,20250521,ACC_1152,104,New Business,Annual Prepaid,12500,150000,118
TXN_21167,20250811,ACC_1284,104,Expansion,Annual Prepaid,25000,300000,174
TXN_21168,20250927,ACC_1140,101,New Business,Annual Prepaid,499,5988,81
TXN_21169,20250828,ACC_1085,101,Renewal,Annual Prepaid,499,5988,58
TXN_21170,20260106,ACC_1389,101,Expansion,Monthly Recurring,998,11976,75
TXN_21171,20260703,ACC_1067,102,Renewal,Monthly Recurring,1499,17988,90
TXN_21172,20260826,ACC_1382,104,Expansion,Annual Prepaid,15625,187500,46
TXN_21173,20261029,ACC_1204,104,Expansion,Monthly Recurring,25000,300000,129
TXN_21174,20260422,ACC_1369,104,Contraction,Annual Prepaid,-5000,-60000,20
TXN_21175,20260519,ACC_1145,104,Contraction,Annual Prepaid,-5000,-60000,42
TXN_21176,20260825,ACC_1181,101,Contraction,Annual Prepaid,-199,-2388,192
TXN_21177,20260808,ACC_1332,103,Expansion,Annual Prepaid,9998,119976,144
TXN_21178,20250812,ACC_1096,101,Renewal,Annual Prepaid,499,5988,240
TXN_21179,20250701,ACC_1116,103,New Business,Annual Prepaid,4999,59988,201
TXN_21180,20250406,ACC_1210,104,Renewal,Annual Prepaid,12500,150000,248
TXN_21181,20260925,ACC_1086,103,Contraction,Annual Prepaid,-1999,-23988,96
TXN_21182,20261011,ACC_1070,103,Renewal,Monthly Recurring,4999,59988,225
TXN_21183,20260114,ACC_1046,102,New Business,Annual Prepaid,1499,17988,82
TXN_21184,20251127,ACC_1039,101,Expansion,Annual Prepaid,748,8976,35
TXN_21185,20250830,ACC_1123,102,Expansion,Annual Prepaid,2998,35976,66
TXN_21186,20250428,ACC_1023,102,Expansion,Monthly Recurring,1873,22476,170
TXN_21187,20250508,ACC_1212,102,Churn,Annual Prepaid,-1499,-17988,21
TXN_21188,20260527,ACC_1315,102,Expansion,Monthly Recurring,2248,26976,223
TXN_21189,20261103,ACC_1318,103,Contraction,Monthly Recurring,-1999,-23988,106
TXN_21190,20251017,ACC_1326,103,Expansion,Annual Prepaid,6248,74976,108
TXN_21191,20251119,ACC_1204,101,Renewal,Annual Prepaid,499,5988,247
TXN_21192,20250719,ACC_1320,103,Churn,Annual Prepaid,-4999,-59988,184
TXN_21193,20260131,ACC_1171,103,New Business,Annual Prepaid,4999,59988,75
TXN_21194,20261107,ACC_1366,103,New Business,Annual Prepaid,4999,59988,120
TXN_21195,20261001,ACC_1024,103,New Business,Annual Prepaid,4999,59988,97
TXN_21196,20250111,ACC_1094,103,New Business,Annual Prepaid,4999,59988,39
TXN_21197,20260619,ACC_1228,104,Contraction,Annual Prepaid,-5000,-60000,233
TXN_21198,20251017,ACC_1344,104,Contraction,Monthly Recurring,-5000,-60000,163
TXN_21199,20251225,ACC_1128,102,Renewal,Monthly Recurring,1499,17988,79
TXN_21200,20250129,ACC_1034,103,Expansion,Monthly Recurring,7498,89976,171
TXN_21201,20260928,ACC_1077,101,Churn,Monthly Recurring,-499,-5988,106
TXN_21202,20251024,ACC_1392,101,Contraction,Monthly Recurring,-199,-2388,220
TXN_21203,20260907,ACC_1061,102,New Business,Monthly Recurring,1499,17988,111
TXN_21204,20251120,ACC_1157,103,Expansion,Monthly Recurring,7498,89976,61
TXN_21205,20260331,ACC_1165,101,New Business,Monthly Recurring,499,5988,229
TXN_21206,20260614,ACC_1127,101,Expansion,Annual Prepaid,748,8976,229
TXN_21207,20250221,ACC_1333,101,Expansion,Monthly Recurring,998,11976,210
TXN_21208,20260828,ACC_1287,103,Expansion,Monthly Recurring,6248,74976,149
TXN_21209,20260518,ACC_1086,101,New Business,Annual Prepaid,499,5988,8
TXN_21210,20250428,ACC_1164,102,Renewal,Annual Prepaid,1499,17988,93
TXN_21211,20250610,ACC_1154,103,Expansion,Annual Prepaid,7498,89976,85
TXN_21212,20260924,ACC_1149,102,Renewal,Annual Prepaid,1499,17988,224
TXN_21213,20251002,ACC_1008,104,Expansion,Monthly Recurring,15625,187500,90
TXN_21214,20260712,ACC_1124,102,Renewal,Annual Prepaid,1499,17988,145
TXN_21215,20260215,ACC_1289,101,New Business,Annual Prepaid,499,5988,82
TXN_21216,20251115,ACC_1152,103,Expansion,Monthly Recurring,6248,74976,52
TXN_21217,20260422,ACC_1191,102,New Business,Monthly Recurring,1499,17988,44
TXN_21218,20260324,ACC_1177,101,Expansion,Annual Prepaid,998,11976,230
TXN_21219,20260330,ACC_1202,102,New Business,Monthly Recurring,1499,17988,208
TXN_21220,20250705,ACC_1043,103,Contraction,Annual Prepaid,-1999,-23988,41
TXN_21221,20250122,ACC_1134,101,New Business,Annual Prepaid,499,5988,157
TXN_21222,20250220,ACC_1125,103,Expansion,Annual Prepaid,7498,89976,231
TXN_21223,20260702,ACC_1106,101,Renewal,Annual Prepaid,499,5988,170
TXN_21224,20260705,ACC_1267,104,Expansion,Annual Prepaid,25000,300000,56
TXN_21225,20260301,ACC_1287,101,Contraction,Annual Prepaid,-199,-2388,156
TXN_21226,20250910,ACC_1201,104,Expansion,Annual Prepaid,15625,187500,134
TXN_21227,20260219,ACC_1230,103,Renewal,Annual Prepaid,4999,59988,60
TXN_21228,20260920,ACC_1319,103,Expansion,Annual Prepaid,7498,89976,61
TXN_21229,20260817,ACC_1050,102,New Business,Annual Prepaid,1499,17988,92
TXN_21230,20250212,ACC_1002,104,Expansion,Annual Prepaid,18750,225000,98
TXN_21231,20251017,ACC_1298,101,New Business,Annual Prepaid,499,5988,215
TXN_21232,20260416,ACC_1386,101,Renewal,Annual Prepaid,499,5988,72
TXN_21233,20250323,ACC_1383,104,Renewal,Monthly Recurring,12500,150000,130
TXN_21234,20260329,ACC_1353,104,Renewal,Annual Prepaid,12500,150000,192
TXN_21235,20261026,ACC_1351,103,Contraction,Monthly Recurring,-1999,-23988,198
TXN_21236,20260512,ACC_1336,102,Renewal,Monthly Recurring,1499,17988,167
TXN_21237,20260720,ACC_1299,101,Renewal,Annual Prepaid,499,5988,160
TXN_21238,20250518,ACC_1285,103,New Business,Monthly Recurring,4999,59988,146
TXN_21239,20260220,ACC_1204,103,New Business,Annual Prepaid,4999,59988,164
TXN_21240,20250910,ACC_1026,103,Expansion,Annual Prepaid,7498,89976,85
TXN_21241,20251104,ACC_1158,104,Renewal,Annual Prepaid,12500,150000,26
TXN_21242,20260808,ACC_1290,102,Renewal,Annual Prepaid,1499,17988,215
TXN_21243,20260328,ACC_1356,104,Contraction,Annual Prepaid,-5000,-60000,154
TXN_21244,20250616,ACC_1146,104,New Business,Annual Prepaid,12500,150000,215
TXN_21245,20260409,ACC_1048,102,New Business,Annual Prepaid,1499,17988,133
TXN_21246,20250614,ACC_1371,101,Contraction,Annual Prepaid,-199,-2388,196
TXN_21247,20260116,ACC_1218,102,New Business,Monthly Recurring,1499,17988,34
TXN_21248,20251229,ACC_1239,104,New Business,Monthly Recurring,12500,150000,156
TXN_21249,20260824,ACC_1132,101,Expansion,Annual Prepaid,623,7476,92
TXN_21250,20260412,ACC_1194,104,New Business,Monthly Recurring,12500,150000,39
TXN_21251,20260820,ACC_1125,102,Churn,Annual Prepaid,-1499,-17988,115
TXN_21252,20260909,ACC_1271,103,Expansion,Annual Prepaid,7498,89976,45
TXN_21253,20250824,ACC_1215,103,New Business,Annual Prepaid,4999,59988,109
TXN_21254,20250109,ACC_1390,103,Contraction,Annual Prepaid,-1999,-23988,53
TXN_21255,20251014,ACC_1225,103,Expansion,Monthly Recurring,7498,89976,97
TXN_21256,20260604,ACC_1014,104,New Business,Annual Prepaid,12500,150000,52
TXN_21257,20250727,ACC_1085,104,Renewal,Annual Prepaid,12500,150000,212
TXN_21258,20250411,ACC_1307,104,New Business,Annual Prepaid,12500,150000,86
TXN_21259,20251004,ACC_1010,102,New Business,Annual Prepaid,1499,17988,136
TXN_21260,20251209,ACC_1188,101,Expansion,Monthly Recurring,623,7476,114
TXN_21261,20250923,ACC_1033,102,Expansion,Annual Prepaid,2248,26976,81
TXN_21262,20260624,ACC_1001,101,Expansion,Monthly Recurring,998,11976,113
TXN_21263,20261013,ACC_1107,101,Expansion,Annual Prepaid,748,8976,65
TXN_21264,20260510,ACC_1123,104,Renewal,Monthly Recurring,12500,150000,12
TXN_21265,20260626,ACC_1205,103,New Business,Annual Prepaid,4999,59988,207
TXN_21266,20251020,ACC_1020,104,Expansion,Annual Prepaid,15625,187500,58
TXN_21267,20250803,ACC_1378,101,Expansion,Monthly Recurring,748,8976,78
TXN_21268,20250510,ACC_1350,102,New Business,Annual Prepaid,1499,17988,36
TXN_21269,20260807,ACC_1106,104,Renewal,Monthly Recurring,12500,150000,145
TXN_21270,20251126,ACC_1015,101,New Business,Monthly Recurring,499,5988,118
TXN_21271,20250519,ACC_1147,103,New Business,Annual Prepaid,4999,59988,24
TXN_21272,20251220,ACC_1277,102,New Business,Annual Prepaid,1499,17988,205
TXN_21273,20250309,ACC_1366,103,Renewal,Annual Prepaid,4999,59988,74
TXN_21274,20251225,ACC_1334,104,New Business,Monthly Recurring,12500,150000,183
TXN_21275,20260218,ACC_1241,102,New Business,Monthly Recurring,1499,17988,79
TXN_21276,20251211,ACC_1128,103,New Business,Monthly Recurring,4999,59988,30
TXN_21277,20260609,ACC_1169,104,New Business,Annual Prepaid,12500,150000,198
TXN_21278,20260223,ACC_1144,101,Churn,Annual Prepaid,-499,-5988,35
TXN_21279,20260401,ACC_1085,104,New Business,Annual Prepaid,12500,150000,116
TXN_21280,20260113,ACC_1230,104,Expansion,Monthly Recurring,15625,187500,237
TXN_21281,20260117,ACC_1330,103,Expansion,Annual Prepaid,7498,89976,18
TXN_21282,20260409,ACC_1038,104,Expansion,Annual Prepaid,25000,300000,173
TXN_21283,20250927,ACC_1285,102,Renewal,Annual Prepaid,1499,17988,58
TXN_21284,20250705,ACC_1031,102,New Business,Annual Prepaid,1499,17988,162
TXN_21285,20250516,ACC_1281,103,Renewal,Annual Prepaid,4999,59988,199
TXN_21286,20250816,ACC_1236,103,Expansion,Monthly Recurring,6248,74976,13
TXN_21287,20261108,ACC_1190,102,Expansion,Monthly Recurring,2998,35976,57
TXN_21288,20261010,ACC_1175,102,New Business,Annual Prepaid,1499,17988,176
TXN_21289,20260714,ACC_1358,103,Renewal,Annual Prepaid,4999,59988,217
TXN_21290,20250724,ACC_1340,104,Expansion,Annual Prepaid,15625,187500,80
TXN_21291,20260214,ACC_1329,101,Renewal,Annual Prepaid,499,5988,81
TXN_21292,20250329,ACC_1039,104,New Business,Monthly Recurring,12500,150000,81
TXN_21293,20260801,ACC_1077,102,Expansion,Monthly Recurring,2248,26976,209
TXN_21294,20260103,ACC_1058,101,Contraction,Annual Prepaid,-199,-2388,100
TXN_21295,20260322,ACC_1033,101,Contraction,Annual Prepaid,-199,-2388,51
TXN_21296,20250812,ACC_1112,104,Renewal,Monthly Recurring,12500,150000,248
TXN_21297,20250116,ACC_1003,101,Renewal,Annual Prepaid,499,5988,63
TXN_21298,20260715,ACC_1177,103,Expansion,Annual Prepaid,9998,119976,34
TXN_21299,20260827,ACC_1332,103,Contraction,Annual Prepaid,-1999,-23988,210
TXN_21300,20260408,ACC_1094,101,Contraction,Annual Prepaid,-199,-2388,248
TXN_21301,20250906,ACC_1234,102,Expansion,Annual Prepaid,2248,26976,161
TXN_21302,20250329,ACC_1223,102,Renewal,Annual Prepaid,1499,17988,70
TXN_21303,20260712,ACC_1150,104,Renewal,Annual Prepaid,12500,150000,61
TXN_21304,20260604,ACC_1343,101,Expansion,Annual Prepaid,748,8976,120
TXN_21305,20250511,ACC_1317,103,New Business,Annual Prepaid,4999,59988,18
TXN_21306,20251204,ACC_1292,102,Expansion,Monthly Recurring,2998,35976,235
TXN_21307,20260917,ACC_1111,101,New Business,Annual Prepaid,499,5988,87
TXN_21308,20260428,ACC_1057,104,Expansion,Annual Prepaid,25000,300000,80
TXN_21309,20251125,ACC_1158,104,New Business,Monthly Recurring,12500,150000,171
TXN_21310,20260414,ACC_1130,103,Expansion,Monthly Recurring,6248,74976,159
TXN_21311,20260704,ACC_1307,104,Renewal,Monthly Recurring,12500,150000,150
TXN_21312,20261111,ACC_1191,103,Renewal,Annual Prepaid,4999,59988,211
TXN_21313,20261026,ACC_1300,102,Expansion,Annual Prepaid,2998,35976,14
TXN_21314,20251231,ACC_1356,104,Renewal,Annual Prepaid,12500,150000,144
TXN_21315,20250817,ACC_1190,102,Churn,Monthly Recurring,-1499,-17988,29
TXN_21316,20251116,ACC_1268,101,Expansion,Annual Prepaid,623,7476,194
TXN_21317,20250114,ACC_1089,103,Renewal,Annual Prepaid,4999,59988,29
TXN_21318,20260428,ACC_1328,101,Expansion,Annual Prepaid,998,11976,122
TXN_21319,20260121,ACC_1094,102,Contraction,Annual Prepaid,-599,-7188,5
TXN_21320,20250726,ACC_1346,102,Expansion,Annual Prepaid,2248,26976,212
TXN_21321,20250702,ACC_1270,101,New Business,Annual Prepaid,499,5988,76
TXN_21322,20260512,ACC_1386,103,Contraction,Annual Prepaid,-1999,-23988,27
TXN_21323,20251228,ACC_1068,102,New Business,Monthly Recurring,1499,17988,72
TXN_21324,20251212,ACC_1384,103,Renewal,Monthly Recurring,4999,59988,219
TXN_21325,20250713,ACC_1192,104,Expansion,Annual Prepaid,25000,300000,92
TXN_21326,20251024,ACC_1011,103,New Business,Monthly Recurring,4999,59988,77
TXN_21327,20250117,ACC_1052,104,Renewal,Annual Prepaid,12500,150000,142
TXN_21328,20250729,ACC_1319,101,Renewal,Annual Prepaid,499,5988,235
TXN_21329,20250222,ACC_1241,102,New Business,Monthly Recurring,1499,17988,123
TXN_21330,20250131,ACC_1330,102,New Business,Annual Prepaid,1499,17988,109
TXN_21331,20251022,ACC_1266,102,Contraction,Monthly Recurring,-599,-7188,41
TXN_21332,20260408,ACC_1119,103,Expansion,Annual Prepaid,6248,74976,60
TXN_21333,20260116,ACC_1332,104,New Business,Annual Prepaid,12500,150000,195
TXN_21334,20260311,ACC_1109,101,Expansion,Annual Prepaid,748,8976,165
TXN_21335,20260728,ACC_1016,102,New Business,Annual Prepaid,1499,17988,214
TXN_21336,20250130,ACC_1327,102,Expansion,Monthly Recurring,2998,35976,90
TXN_21337,20250926,ACC_1234,103,Contraction,Monthly Recurring,-1999,-23988,39
TXN_21338,20260425,ACC_1277,104,Expansion,Monthly Recurring,15625,187500,124
TXN_21339,20251219,ACC_1096,102,Expansion,Annual Prepaid,2998,35976,227
TXN_21340,20260813,ACC_1118,102,New Business,Annual Prepaid,1499,17988,130
TXN_21341,20260413,ACC_1271,102,New Business,Monthly Recurring,1499,17988,30
TXN_21342,20250314,ACC_1210,104,Expansion,Annual Prepaid,25000,300000,191
TXN_21343,20250910,ACC_1198,102,New Business,Annual Prepaid,1499,17988,80
TXN_21344,20250502,ACC_1051,103,Renewal,Annual Prepaid,4999,59988,30
TXN_21345,20250323,ACC_1173,104,Renewal,Annual Prepaid,12500,150000,238
TXN_21346,20260727,ACC_1273,104,Expansion,Monthly Recurring,25000,300000,78
TXN_21347,20250330,ACC_1323,103,New Business,Annual Prepaid,4999,59988,30
TXN_21348,20250526,ACC_1200,103,New Business,Annual Prepaid,4999,59988,193
TXN_21349,20261108,ACC_1240,103,Contraction,Monthly Recurring,-1999,-23988,12
TXN_21350,20251225,ACC_1038,102,Renewal,Annual Prepaid,1499,17988,82
TXN_21351,20250918,ACC_1177,101,New Business,Annual Prepaid,499,5988,203
TXN_21352,20260417,ACC_1211,103,Expansion,Annual Prepaid,7498,89976,52
TXN_21353,20250722,ACC_1109,104,Contraction,Annual Prepaid,-5000,-60000,21
TXN_21354,20260814,ACC_1244,103,Contraction,Annual Prepaid,-1999,-23988,143
TXN_21355,20250809,ACC_1380,101,Churn,Monthly Recurring,-499,-5988,8
TXN_21356,20260709,ACC_1113,102,New Business,Annual Prepaid,1499,17988,97
TXN_21357,20250706,ACC_1103,104,New Business,Annual Prepaid,12500,150000,64
TXN_21358,20260318,ACC_1249,103,Renewal,Monthly Recurring,4999,59988,6
TXN_21359,20251222,ACC_1024,102,Contraction,Annual Prepaid,-599,-7188,159
TXN_21360,20250616,ACC_1165,102,New Business,Monthly Recurring,1499,17988,30
TXN_21361,20251102,ACC_1065,104,New Business,Monthly Recurring,12500,150000,143
TXN_21362,20261107,ACC_1074,103,Expansion,Monthly Recurring,9998,119976,25
TXN_21363,20250311,ACC_1141,101,New Business,Monthly Recurring,499,5988,202
TXN_21364,20261002,ACC_1205,102,Renewal,Annual Prepaid,1499,17988,73
TXN_21365,20260714,ACC_1292,104,Renewal,Annual Prepaid,12500,150000,85
TXN_21366,20250827,ACC_1060,101,Renewal,Annual Prepaid,499,5988,29
TXN_21367,20260118,ACC_1059,104,Expansion,Annual Prepaid,15625,187500,181
TXN_21368,20250225,ACC_1048,104,Contraction,Monthly Recurring,-5000,-60000,73
TXN_21369,20260325,ACC_1216,104,Expansion,Annual Prepaid,15625,187500,238
TXN_21370,20251112,ACC_1234,103,New Business,Annual Prepaid,4999,59988,182
TXN_21371,20260101,ACC_1002,101,New Business,Annual Prepaid,499,5988,21
TXN_21372,20260310,ACC_1049,104,New Business,Monthly Recurring,12500,150000,61
TXN_21373,20251020,ACC_1050,104,Expansion,Annual Prepaid,18750,225000,165
TXN_21374,20250818,ACC_1336,103,Expansion,Monthly Recurring,6248,74976,84
TXN_21375,20250329,ACC_1094,102,Expansion,Annual Prepaid,1873,22476,149
TXN_21376,20260829,ACC_1382,101,Expansion,Annual Prepaid,998,11976,78
TXN_21377,20250112,ACC_1061,102,New Business,Annual Prepaid,1499,17988,36
TXN_21378,20250630,ACC_1160,101,New Business,Annual Prepaid,499,5988,89
TXN_21379,20260418,ACC_1080,103,Contraction,Annual Prepaid,-1999,-23988,116
TXN_21380,20260118,ACC_1292,102,Renewal,Annual Prepaid,1499,17988,79
TXN_21381,20250427,ACC_1227,101,Expansion,Monthly Recurring,998,11976,31
TXN_21382,20261006,ACC_1037,102,New Business,Annual Prepaid,1499,17988,217
TXN_21383,20250322,ACC_1377,104,Renewal,Monthly Recurring,12500,150000,154
TXN_21384,20261030,ACC_1375,102,New Business,Annual Prepaid,1499,17988,104
TXN_21385,20260820,ACC_1322,101,Renewal,Annual Prepaid,499,5988,209
TXN_21386,20250102,ACC_1189,104,Contraction,Annual Prepaid,-5000,-60000,76
TXN_21387,20251203,ACC_1126,102,New Business,Annual Prepaid,1499,17988,199
TXN_21388,20250107,ACC_1158,104,New Business,Annual Prepaid,12500,150000,241
TXN_21389,20260727,ACC_1054,104,Renewal,Annual Prepaid,12500,150000,182
TXN_21390,20260407,ACC_1242,103,New Business,Monthly Recurring,4999,59988,165
TXN_21391,20250506,ACC_1254,104,Renewal,Annual Prepaid,12500,150000,210
TXN_21392,20250503,ACC_1107,104,New Business,Annual Prepaid,12500,150000,111
TXN_21393,20260830,ACC_1305,101,New Business,Annual Prepaid,499,5988,58
TXN_21394,20250228,ACC_1374,102,Expansion,Monthly Recurring,2998,35976,187
TXN_21395,20251107,ACC_1057,101,New Business,Annual Prepaid,499,5988,5
TXN_21396,20251204,ACC_1021,103,Expansion,Annual Prepaid,9998,119976,117
TXN_21397,20250820,ACC_1300,104,Renewal,Annual Prepaid,12500,150000,72
TXN_21398,20250917,ACC_1028,101,New Business,Annual Prepaid,499,5988,112
TXN_21399,20250123,ACC_1074,103,Contraction,Annual Prepaid,-1999,-23988,39
TXN_21400,20260725,ACC_1320,101,Expansion,Monthly Recurring,623,7476,41
TXN_21401,20250708,ACC_1285,101,New Business,Monthly Recurring,499,5988,94
TXN_21402,20260221,ACC_1388,101,New Business,Annual Prepaid,499,5988,135
TXN_21403,20251004,ACC_1341,101,New Business,Monthly Recurring,499,5988,227
TXN_21404,20250815,ACC_1213,102,Expansion,Annual Prepaid,2248,26976,237
TXN_21405,20260327,ACC_1029,103,New Business,Annual Prepaid,4999,59988,65
TXN_21406,20251130,ACC_1147,102,Expansion,Monthly Recurring,1873,22476,146
TXN_21407,20260512,ACC_1044,104,Expansion,Monthly Recurring,25000,300000,171
TXN_21408,20261102,ACC_1161,101,New Business,Monthly Recurring,499,5988,221
TXN_21409,20260718,ACC_1112,102,Renewal,Annual Prepaid,1499,17988,78
TXN_21410,20260718,ACC_1041,103,New Business,Annual Prepaid,4999,59988,160
TXN_21411,20250905,ACC_1087,101,Expansion,Monthly Recurring,623,7476,65
TXN_21412,20260508,ACC_1327,104,Contraction,Annual Prepaid,-5000,-60000,34
TXN_21413,20250407,ACC_1096,104,Expansion,Monthly Recurring,15625,187500,129
TXN_21414,20250501,ACC_1132,102,Churn,Annual Prepaid,-1499,-17988,230
TXN_21415,20250208,ACC_1122,102,Renewal,Annual Prepaid,1499,17988,222
TXN_21416,20260612,ACC_1161,101,New Business,Monthly Recurring,499,5988,131
TXN_21417,20260515,ACC_1218,103,Expansion,Annual Prepaid,7498,89976,238
TXN_21418,20250806,ACC_1329,103,New Business,Annual Prepaid,4999,59988,183
TXN_21419,20260122,ACC_1016,104,Contraction,Monthly Recurring,-5000,-60000,246
TXN_21420,20261001,ACC_1141,102,New Business,Annual Prepaid,1499,17988,93
TXN_21421,20260220,ACC_1303,102,Expansion,Monthly Recurring,1873,22476,216
TXN_21422,20260418,ACC_1072,102,Renewal,Monthly Recurring,1499,17988,23
TXN_21423,20260505,ACC_1238,104,Churn,Monthly Recurring,-12500,-150000,21
TXN_21424,20251216,ACC_1380,101,New Business,Annual Prepaid,499,5988,91
TXN_21425,20250921,ACC_1307,102,Expansion,Annual Prepaid,1873,22476,241
TXN_21426,20250104,ACC_1121,101,Expansion,Annual Prepaid,748,8976,228
TXN_21427,20260806,ACC_1110,103,Renewal,Monthly Recurring,4999,59988,187
TXN_21428,20260628,ACC_1381,104,New Business,Annual Prepaid,12500,150000,192
TXN_21429,20250703,ACC_1342,102,Expansion,Monthly Recurring,2248,26976,84
TXN_21430,20260420,ACC_1192,104,New Business,Monthly Recurring,12500,150000,175
TXN_21431,20260511,ACC_1336,103,Renewal,Annual Prepaid,4999,59988,26
TXN_21432,20250930,ACC_1265,101,New Business,Annual Prepaid,499,5988,49
TXN_21433,20250503,ACC_1008,104,Renewal,Annual Prepaid,12500,150000,208
TXN_21434,20260319,ACC_1006,101,Renewal,Monthly Recurring,499,5988,181
TXN_21435,20260321,ACC_1338,101,Churn,Annual Prepaid,-499,-5988,29
TXN_21436,20251204,ACC_1325,103,Renewal,Monthly Recurring,4999,59988,99
TXN_21437,20250819,ACC_1033,103,New Business,Annual Prepaid,4999,59988,84
TXN_21438,20260313,ACC_1038,101,New Business,Annual Prepaid,499,5988,93
TXN_21439,20260625,ACC_1160,102,Expansion,Monthly Recurring,1873,22476,95
TXN_21440,20250925,ACC_1345,101,Contraction,Annual Prepaid,-199,-2388,231
TXN_21441,20260316,ACC_1033,101,Renewal,Monthly Recurring,499,5988,237
TXN_21442,20260904,ACC_1210,102,New Business,Annual Prepaid,1499,17988,60
TXN_21443,20261016,ACC_1226,102,Churn,Monthly Recurring,-1499,-17988,235
TXN_21444,20260720,ACC_1094,102,Expansion,Annual Prepaid,2248,26976,20
TXN_21445,20250817,ACC_1041,102,Expansion,Monthly Recurring,1873,22476,213
TXN_21446,20250720,ACC_1215,102,New Business,Annual Prepaid,1499,17988,228
TXN_21447,20251208,ACC_1376,102,New Business,Annual Prepaid,1499,17988,140
TXN_21448,20250917,ACC_1059,101,Renewal,Annual Prepaid,499,5988,99
TXN_21449,20250107,ACC_1125,101,Renewal,Monthly Recurring,499,5988,73
TXN_21450,20250919,ACC_1069,101,New Business,Annual Prepaid,499,5988,212
TXN_21451,20251020,ACC_1213,102,Renewal,Annual Prepaid,1499,17988,81
TXN_21452,20250719,ACC_1288,101,New Business,Annual Prepaid,499,5988,124
TXN_21453,20250606,ACC_1154,102,Renewal,Annual Prepaid,1499,17988,5
TXN_21454,20250612,ACC_1131,103,Expansion,Annual Prepaid,9998,119976,97
TXN_21455,20260303,ACC_1030,103,New Business,Annual Prepaid,4999,59988,234
TXN_21456,20250527,ACC_1296,101,Expansion,Annual Prepaid,998,11976,147
TXN_21457,20250613,ACC_1235,103,Renewal,Annual Prepaid,4999,59988,81
TXN_21458,20260826,ACC_1161,101,Renewal,Annual Prepaid,499,5988,108
TXN_21459,20260423,ACC_1339,103,New Business,Annual Prepaid,4999,59988,227
TXN_21460,20260518,ACC_1009,101,New Business,Annual Prepaid,499,5988,58
TXN_21461,20251006,ACC_1330,104,New Business,Annual Prepaid,12500,150000,222
TXN_21462,20251102,ACC_1365,101,Churn,Annual Prepaid,-499,-5988,5
TXN_21463,20260326,ACC_1296,104,Renewal,Annual Prepaid,12500,150000,52
TXN_21464,20260311,ACC_1183,103,Renewal,Annual Prepaid,4999,59988,12
TXN_21465,20250517,ACC_1086,104,Churn,Monthly Recurring,-12500,-150000,84
TXN_21466,20260825,ACC_1095,102,Expansion,Monthly Recurring,2998,35976,76
TXN_21467,20260430,ACC_1270,104,Expansion,Monthly Recurring,18750,225000,183
TXN_21468,20260507,ACC_1288,102,Expansion,Annual Prepaid,1873,22476,197
TXN_21469,20250912,ACC_1249,104,Renewal,Annual Prepaid,12500,150000,165
TXN_21470,20251211,ACC_1170,101,Renewal,Monthly Recurring,499,5988,74
TXN_21471,20260401,ACC_1338,104,New Business,Annual Prepaid,12500,150000,47
TXN_21472,20260613,ACC_1188,101,Renewal,Annual Prepaid,499,5988,154
TXN_21473,20251030,ACC_1055,103,New Business,Annual Prepaid,4999,59988,186
TXN_21474,20260714,ACC_1029,102,New Business,Monthly Recurring,1499,17988,167
TXN_21475,20261106,ACC_1202,103,Renewal,Annual Prepaid,4999,59988,142
TXN_21476,20251008,ACC_1066,102,New Business,Annual Prepaid,1499,17988,179
TXN_21477,20250730,ACC_1040,103,Expansion,Monthly Recurring,7498,89976,25
TXN_21478,20260320,ACC_1257,103,Expansion,Annual Prepaid,6248,74976,7
TXN_21479,20250311,ACC_1347,104,New Business,Monthly Recurring,12500,150000,61
TXN_21480,20250524,ACC_1364,103,New Business,Monthly Recurring,4999,59988,201
TXN_21481,20251121,ACC_1234,101,New Business,Annual Prepaid,499,5988,96
TXN_21482,20250604,ACC_1348,102,Expansion,Annual Prepaid,2998,35976,235
TXN_21483,20250805,ACC_1371,104,Expansion,Annual Prepaid,25000,300000,128
TXN_21484,20250823,ACC_1386,101,Renewal,Annual Prepaid,499,5988,228
TXN_21485,20260806,ACC_1018,101,Expansion,Annual Prepaid,748,8976,231
TXN_21486,20251113,ACC_1350,104,Contraction,Annual Prepaid,-5000,-60000,72
TXN_21487,20250424,ACC_1025,104,New Business,Monthly Recurring,12500,150000,170
TXN_21488,20250327,ACC_1191,103,Expansion,Monthly Recurring,7498,89976,130
TXN_21489,20250907,ACC_1206,101,Expansion,Annual Prepaid,623,7476,134
TXN_21490,20251103,ACC_1111,101,Expansion,Annual Prepaid,748,8976,139
TXN_21491,20251025,ACC_1301,104,New Business,Annual Prepaid,12500,150000,19
TXN_21492,20261108,ACC_1060,104,Expansion,Annual Prepaid,18750,225000,187
TXN_21493,20260911,ACC_1333,104,New Business,Annual Prepaid,12500,150000,227
TXN_21494,20260304,ACC_1080,102,New Business,Annual Prepaid,1499,17988,224
TXN_21495,20250526,ACC_1288,104,New Business,Monthly Recurring,12500,150000,205
TXN_21496,20260506,ACC_1135,102,Renewal,Monthly Recurring,1499,17988,44
TXN_21497,20250420,ACC_1003,101,Expansion,Annual Prepaid,623,7476,184
TXN_21498,20250615,ACC_1004,101,New Business,Monthly Recurring,499,5988,222
TXN_21499,20260627,ACC_1017,104,Contraction,Annual Prepaid,-5000,-60000,167
TXN_21500,20250411,ACC_1400,103,Expansion,Annual Prepaid,7498,89976,237
TXN_21501,20260517,ACC_1247,103,Expansion,Monthly Recurring,9998,119976,129
TXN_21502,20260617,ACC_1358,101,Expansion,Annual Prepaid,998,11976,55
TXN_21503,20250507,ACC_1339,103,Renewal,Annual Prepaid,4999,59988,247
TXN_21504,20260518,ACC_1349,104,New Business,Annual Prepaid,12500,150000,51
TXN_21505,20250714,ACC_1235,104,Expansion,Annual Prepaid,25000,300000,5
TXN_21506,20260622,ACC_1049,104,Renewal,Annual Prepaid,12500,150000,239
TXN_21507,20260131,ACC_1349,104,New Business,Monthly Recurring,12500,150000,122
TXN_21508,20250308,ACC_1375,103,New Business,Monthly Recurring,4999,59988,159
TXN_21509,20260413,ACC_1245,103,New Business,Monthly Recurring,4999,59988,201
TXN_21510,20261104,ACC_1109,104,New Business,Annual Prepaid,12500,150000,131
TXN_21511,20260409,ACC_1205,101,Churn,Annual Prepaid,-499,-5988,244
TXN_21512,20260309,ACC_1266,102,Contraction,Annual Prepaid,-599,-7188,188
TXN_21513,20260509,ACC_1236,101,Expansion,Monthly Recurring,748,8976,161
TXN_21514,20261028,ACC_1258,104,New Business,Annual Prepaid,12500,150000,42
TXN_21515,20260326,ACC_1131,102,Expansion,Monthly Recurring,2998,35976,226
TXN_21516,20260429,ACC_1171,102,Renewal,Annual Prepaid,1499,17988,248
TXN_21517,20250513,ACC_1324,104,Expansion,Annual Prepaid,25000,300000,162
TXN_21518,20251020,ACC_1029,102,Contraction,Monthly Recurring,-599,-7188,119
TXN_21519,20251026,ACC_1158,103,Contraction,Monthly Recurring,-1999,-23988,53
TXN_21520,20251228,ACC_1377,101,Renewal,Annual Prepaid,499,5988,186
TXN_21521,20250401,ACC_1127,101,New Business,Annual Prepaid,499,5988,36
TXN_21522,20261106,ACC_1320,102,New Business,Annual Prepaid,1499,17988,12
TXN_21523,20260415,ACC_1285,103,Renewal,Monthly Recurring,4999,59988,15
TXN_21524,20260427,ACC_1002,102,New Business,Annual Prepaid,1499,17988,183
TXN_21525,20250731,ACC_1196,103,Contraction,Monthly Recurring,-1999,-23988,214
TXN_21526,20250603,ACC_1362,103,New Business,Annual Prepaid,4999,59988,27
TXN_21527,20250329,ACC_1304,104,New Business,Annual Prepaid,12500,150000,134
TXN_21528,20261106,ACC_1078,104,Renewal,Annual Prepaid,12500,150000,132
TXN_21529,20260517,ACC_1200,102,Renewal,Annual Prepaid,1499,17988,25
TXN_21530,20260220,ACC_1234,102,New Business,Monthly Recurring,1499,17988,33
TXN_21531,20250611,ACC_1361,104,Renewal,Monthly Recurring,12500,150000,65
TXN_21532,20260411,ACC_1125,104,Renewal,Annual Prepaid,12500,150000,225
TXN_21533,20260606,ACC_1021,102,Renewal,Annual Prepaid,1499,17988,11
TXN_21534,20250424,ACC_1145,101,New Business,Monthly Recurring,499,5988,247
TXN_21535,20260830,ACC_1033,102,Renewal,Annual Prepaid,1499,17988,204
TXN_21536,20260818,ACC_1076,103,Expansion,Monthly Recurring,6248,74976,67
TXN_21537,20250101,ACC_1012,103,Renewal,Annual Prepaid,4999,59988,140
TXN_21538,20260421,ACC_1196,101,Expansion,Annual Prepaid,998,11976,184
TXN_21539,20250121,ACC_1004,102,Expansion,Annual Prepaid,1873,22476,70
TXN_21540,20251206,ACC_1263,101,Renewal,Annual Prepaid,499,5988,102
TXN_21541,20260801,ACC_1075,102,Renewal,Annual Prepaid,1499,17988,91
TXN_21542,20250211,ACC_1041,102,Expansion,Monthly Recurring,1873,22476,21
TXN_21543,20260409,ACC_1265,102,New Business,Annual Prepaid,1499,17988,55
TXN_21544,20250315,ACC_1097,103,Renewal,Annual Prepaid,4999,59988,154
TXN_21545,20250809,ACC_1077,104,New Business,Monthly Recurring,12500,150000,79
TXN_21546,20250315,ACC_1344,101,Contraction,Annual Prepaid,-199,-2388,195
TXN_21547,20251128,ACC_1321,104,Renewal,Annual Prepaid,12500,150000,76
TXN_21548,20250425,ACC_1235,104,Contraction,Annual Prepaid,-5000,-60000,232
TXN_21549,20260610,ACC_1322,102,Renewal,Annual Prepaid,1499,17988,186
TXN_21550,20250119,ACC_1042,101,Expansion,Monthly Recurring,748,8976,151
TXN_21551,20251001,ACC_1400,102,Expansion,Annual Prepaid,2998,35976,143
TXN_21552,20260218,ACC_1039,101,New Business,Annual Prepaid,499,5988,222
TXN_21553,20251220,ACC_1377,101,New Business,Monthly Recurring,499,5988,6
TXN_21554,20251208,ACC_1005,102,Expansion,Annual Prepaid,1873,22476,13
TXN_21555,20250727,ACC_1093,102,Expansion,Annual Prepaid,2248,26976,65
TXN_21556,20250423,ACC_1307,102,Expansion,Annual Prepaid,1873,22476,195
TXN_21557,20260102,ACC_1379,104,Renewal,Annual Prepaid,12500,150000,55
TXN_21558,20260111,ACC_1132,104,Contraction,Monthly Recurring,-5000,-60000,103
TXN_21559,20250620,ACC_1330,102,Expansion,Monthly Recurring,2248,26976,185
TXN_21560,20251024,ACC_1019,102,Expansion,Annual Prepaid,1873,22476,107
TXN_21561,20251114,ACC_1054,103,Renewal,Annual Prepaid,4999,59988,191
TXN_21562,20251009,ACC_1321,104,Renewal,Annual Prepaid,12500,150000,59
TXN_21563,20261003,ACC_1119,104,Contraction,Annual Prepaid,-5000,-60000,55
TXN_21564,20250906,ACC_1341,104,New Business,Annual Prepaid,12500,150000,97
TXN_21565,20260221,ACC_1373,102,New Business,Annual Prepaid,1499,17988,21
TXN_21566,20250110,ACC_1253,101,Expansion,Monthly Recurring,998,11976,21
TXN_21567,20260409,ACC_1306,101,New Business,Monthly Recurring,499,5988,209
TXN_21568,20260701,ACC_1216,104,New Business,Monthly Recurring,12500,150000,169
TXN_21569,20260101,ACC_1013,102,Renewal,Annual Prepaid,1499,17988,5
TXN_21570,20250923,ACC_1319,101,New Business,Monthly Recurring,499,5988,11
TXN_21571,20250909,ACC_1312,104,New Business,Monthly Recurring,12500,150000,52
TXN_21572,20260113,ACC_1212,102,Expansion,Annual Prepaid,2998,35976,46
TXN_21573,20260630,ACC_1317,102,Renewal,Annual Prepaid,1499,17988,39
TXN_21574,20260621,ACC_1271,101,New Business,Annual Prepaid,499,5988,83
TXN_21575,20250529,ACC_1086,103,Expansion,Monthly Recurring,9998,119976,97
TXN_21576,20251105,ACC_1256,102,Expansion,Monthly Recurring,2998,35976,194
TXN_21577,20260816,ACC_1388,102,New Business,Annual Prepaid,1499,17988,188
TXN_21578,20260720,ACC_1280,102,Expansion,Annual Prepaid,2998,35976,41
TXN_21579,20260216,ACC_1293,101,New Business,Monthly Recurring,499,5988,22
TXN_21580,20250603,ACC_1378,104,New Business,Annual Prepaid,12500,150000,21
TXN_21581,20260108,ACC_1135,101,New Business,Annual Prepaid,499,5988,163
TXN_21582,20260912,ACC_1059,102,Contraction,Annual Prepaid,-599,-7188,78
TXN_21583,20251031,ACC_1167,104,Expansion,Annual Prepaid,15625,187500,186
TXN_21584,20250129,ACC_1122,102,Expansion,Monthly Recurring,2248,26976,104
TXN_21585,20250405,ACC_1176,102,Expansion,Annual Prepaid,1873,22476,101
TXN_21586,20261008,ACC_1265,103,Contraction,Annual Prepaid,-1999,-23988,143
TXN_21587,20260609,ACC_1125,104,Contraction,Monthly Recurring,-5000,-60000,89
TXN_21588,20260823,ACC_1020,102,Renewal,Annual Prepaid,1499,17988,144
TXN_21589,20250627,ACC_1355,101,Renewal,Monthly Recurring,499,5988,107
TXN_21590,20251208,ACC_1106,101,Expansion,Annual Prepaid,998,11976,5
TXN_21591,20260219,ACC_1300,102,New Business,Monthly Recurring,1499,17988,91
TXN_21592,20261015,ACC_1170,103,New Business,Monthly Recurring,4999,59988,71
TXN_21593,20251107,ACC_1122,104,New Business,Annual Prepaid,12500,150000,62
TXN_21594,20260418,ACC_1063,103,New Business,Annual Prepaid,4999,59988,76
TXN_21595,20260108,ACC_1009,102,Renewal,Monthly Recurring,1499,17988,84
TXN_21596,20250209,ACC_1152,104,Expansion,Annual Prepaid,25000,300000,202
TXN_21597,20250619,ACC_1069,102,New Business,Monthly Recurring,1499,17988,8
TXN_21598,20251207,ACC_1072,104,Expansion,Annual Prepaid,15625,187500,52
TXN_21599,20260108,ACC_1173,103,New Business,Monthly Recurring,4999,59988,116
TXN_21600,20260222,ACC_1047,102,New Business,Annual Prepaid,1499,17988,146
TXN_21601,20260809,ACC_1272,103,Renewal,Annual Prepaid,4999,59988,16
TXN_21602,20260707,ACC_1128,102,New Business,Annual Prepaid,1499,17988,202
TXN_21603,20250124,ACC_1059,101,Churn,Annual Prepaid,-499,-5988,184
TXN_21604,20260427,ACC_1080,102,Expansion,Monthly Recurring,2248,26976,85
TXN_21605,20260731,ACC_1398,103,New Business,Annual Prepaid,4999,59988,227
TXN_21606,20250409,ACC_1286,101,Renewal,Annual Prepaid,499,5988,102
TXN_21607,20250815,ACC_1042,103,New Business,Annual Prepaid,4999,59988,247
TXN_21608,20260106,ACC_1018,101,New Business,Annual Prepaid,499,5988,181
TXN_21609,20250621,ACC_1222,103,Expansion,Annual Prepaid,6248,74976,183
TXN_21610,20251007,ACC_1238,103,Renewal,Monthly Recurring,4999,59988,232
TXN_21611,20261107,ACC_1371,101,New Business,Annual Prepaid,499,5988,225
TXN_21612,20260314,ACC_1304,103,Expansion,Monthly Recurring,7498,89976,129
TXN_21613,20261008,ACC_1014,103,Renewal,Annual Prepaid,4999,59988,57
TXN_21614,20260120,ACC_1018,103,New Business,Annual Prepaid,4999,59988,48
TXN_21615,20260825,ACC_1303,103,Expansion,Monthly Recurring,9998,119976,111
TXN_21616,20261016,ACC_1208,101,New Business,Annual Prepaid,499,5988,30
TXN_21617,20260429,ACC_1111,102,New Business,Annual Prepaid,1499,17988,127
TXN_21618,20250914,ACC_1005,101,New Business,Annual Prepaid,499,5988,186
TXN_21619,20250201,ACC_1011,101,New Business,Monthly Recurring,499,5988,210
TXN_21620,20260420,ACC_1387,104,New Business,Annual Prepaid,12500,150000,211
TXN_21621,20260909,ACC_1318,103,New Business,Annual Prepaid,4999,59988,238
TXN_21622,20250522,ACC_1189,104,Renewal,Monthly Recurring,12500,150000,146
TXN_21623,20250626,ACC_1080,102,Renewal,Annual Prepaid,1499,17988,59
TXN_21624,20260611,ACC_1141,101,Contraction,Annual Prepaid,-199,-2388,167
TXN_21625,20260422,ACC_1088,101,New Business,Monthly Recurring,499,5988,227
TXN_21626,20250902,ACC_1040,101,Expansion,Annual Prepaid,748,8976,131
TXN_21627,20260125,ACC_1155,103,New Business,Annual Prepaid,4999,59988,48
TXN_21628,20250820,ACC_1018,104,Expansion,Monthly Recurring,25000,300000,222
TXN_21629,20251030,ACC_1278,101,Renewal,Annual Prepaid,499,5988,49
TXN_21630,20250115,ACC_1077,104,Contraction,Annual Prepaid,-5000,-60000,95
TXN_21631,20260430,ACC_1172,101,New Business,Annual Prepaid,499,5988,126
TXN_21632,20260228,ACC_1076,104,Renewal,Monthly Recurring,12500,150000,130
TXN_21633,20250309,ACC_1155,101,Churn,Annual Prepaid,-499,-5988,165
TXN_21634,20251103,ACC_1391,101,New Business,Annual Prepaid,499,5988,186
TXN_21635,20260108,ACC_1246,101,Renewal,Annual Prepaid,499,5988,156
TXN_21636,20250627,ACC_1125,101,New Business,Annual Prepaid,499,5988,75
TXN_21637,20260714,ACC_1170,103,New Business,Annual Prepaid,4999,59988,25
TXN_21638,20251121,ACC_1338,103,Expansion,Annual Prepaid,6248,74976,66
TXN_21639,20260331,ACC_1119,101,Renewal,Annual Prepaid,499,5988,244
TXN_21640,20260617,ACC_1008,101,Expansion,Annual Prepaid,998,11976,29
TXN_21641,20260709,ACC_1143,101,Expansion,Annual Prepaid,623,7476,46
TXN_21642,20260719,ACC_1092,101,New Business,Annual Prepaid,499,5988,80
TXN_21643,20260501,ACC_1353,104,Renewal,Monthly Recurring,12500,150000,239
TXN_21644,20250221,ACC_1232,103,New Business,Monthly Recurring,4999,59988,155
TXN_21645,20250523,ACC_1396,101,New Business,Monthly Recurring,499,5988,111
TXN_21646,20250114,ACC_1382,101,Expansion,Annual Prepaid,748,8976,19
TXN_21647,20260416,ACC_1234,103,New Business,Monthly Recurring,4999,59988,57
TXN_21648,20260723,ACC_1052,103,Churn,Monthly Recurring,-4999,-59988,111
TXN_21649,20250917,ACC_1043,103,New Business,Monthly Recurring,4999,59988,207
TXN_21650,20260707,ACC_1255,101,Churn,Annual Prepaid,-499,-5988,136
TXN_21651,20250830,ACC_1255,102,New Business,Annual Prepaid,1499,17988,47
TXN_21652,20260128,ACC_1245,102,Renewal,Annual Prepaid,1499,17988,30
TXN_21653,20260904,ACC_1082,103,New Business,Annual Prepaid,4999,59988,53
TXN_21654,20250415,ACC_1063,103,Contraction,Monthly Recurring,-1999,-23988,19
TXN_21655,20250916,ACC_1175,103,Renewal,Monthly Recurring,4999,59988,92
TXN_21656,20251127,ACC_1159,101,Renewal,Annual Prepaid,499,5988,13
TXN_21657,20260219,ACC_1374,101,Renewal,Monthly Recurring,499,5988,34
TXN_21658,20251116,ACC_1266,104,Expansion,Annual Prepaid,18750,225000,109
TXN_21659,20260909,ACC_1184,101,New Business,Annual Prepaid,499,5988,57
TXN_21660,20260407,ACC_1129,102,New Business,Monthly Recurring,1499,17988,144
TXN_21661,20260516,ACC_1027,101,New Business,Annual Prepaid,499,5988,64
TXN_21662,20261020,ACC_1107,104,Expansion,Monthly Recurring,18750,225000,93
TXN_21663,20251002,ACC_1316,102,New Business,Annual Prepaid,1499,17988,238
TXN_21664,20250508,ACC_1278,101,New Business,Monthly Recurring,499,5988,39
TXN_21665,20260129,ACC_1107,104,Renewal,Annual Prepaid,12500,150000,143
TXN_21666,20251129,ACC_1111,102,Renewal,Annual Prepaid,1499,17988,136
TXN_21667,20250408,ACC_1013,101,Expansion,Monthly Recurring,623,7476,5
TXN_21668,20260130,ACC_1060,102,New Business,Monthly Recurring,1499,17988,190
TXN_21669,20250611,ACC_1108,104,Expansion,Annual Prepaid,15625,187500,196
TXN_21670,20250419,ACC_1372,103,Expansion,Annual Prepaid,7498,89976,138
TXN_21671,20250831,ACC_1275,103,Contraction,Annual Prepaid,-1999,-23988,14
TXN_21672,20260619,ACC_1166,101,New Business,Annual Prepaid,499,5988,215
TXN_21673,20260531,ACC_1028,102,New Business,Annual Prepaid,1499,17988,71
TXN_21674,20260809,ACC_1135,103,New Business,Annual Prepaid,4999,59988,85
TXN_21675,20250120,ACC_1156,103,New Business,Monthly Recurring,4999,59988,47
TXN_21676,20251102,ACC_1395,104,Expansion,Annual Prepaid,25000,300000,218
TXN_21677,20251219,ACC_1375,101,Expansion,Annual Prepaid,748,8976,144
TXN_21678,20251208,ACC_1130,103,New Business,Annual Prepaid,4999,59988,71
TXN_21679,20251214,ACC_1236,104,Expansion,Monthly Recurring,15625,187500,106
TXN_21680,20260826,ACC_1214,104,Expansion,Annual Prepaid,25000,300000,111
TXN_21681,20260427,ACC_1101,102,Expansion,Monthly Recurring,2248,26976,231
TXN_21682,20260629,ACC_1362,103,Renewal,Annual Prepaid,4999,59988,224
TXN_21683,20251013,ACC_1165,104,Expansion,Annual Prepaid,25000,300000,248
TXN_21684,20250113,ACC_1152,104,Renewal,Annual Prepaid,12500,150000,78
TXN_21685,20250312,ACC_1256,104,Expansion,Annual Prepaid,18750,225000,125
TXN_21686,20260915,ACC_1043,104,Expansion,Annual Prepaid,25000,300000,19
TXN_21687,20260520,ACC_1130,101,Expansion,Annual Prepaid,998,11976,179
TXN_21688,20260517,ACC_1339,102,Renewal,Monthly Recurring,1499,17988,32
TXN_21689,20260906,ACC_1054,102,New Business,Annual Prepaid,1499,17988,157
TXN_21690,20260617,ACC_1304,103,New Business,Monthly Recurring,4999,59988,163
TXN_21691,20261024,ACC_1377,104,New Business,Annual Prepaid,12500,150000,169
TXN_21692,20250216,ACC_1077,101,Expansion,Monthly Recurring,623,7476,63
TXN_21693,20260518,ACC_1054,102,Expansion,Annual Prepaid,2248,26976,94
TXN_21694,20250927,ACC_1261,101,New Business,Annual Prepaid,499,5988,110
TXN_21695,20260719,ACC_1222,104,New Business,Annual Prepaid,12500,150000,23
TXN_21696,20260910,ACC_1303,104,New Business,Monthly Recurring,12500,150000,57
TXN_21697,20260612,ACC_1227,104,New Business,Annual Prepaid,12500,150000,106
TXN_21698,20250120,ACC_1250,104,Expansion,Annual Prepaid,18750,225000,214
TXN_21699,20250820,ACC_1001,102,Expansion,Annual Prepaid,2248,26976,54
TXN_21700,20250120,ACC_1374,102,Renewal,Annual Prepaid,1499,17988,137
TXN_21701,20250718,ACC_1296,102,New Business,Annual Prepaid,1499,17988,159
TXN_21702,20260629,ACC_1078,102,Expansion,Monthly Recurring,1873,22476,11
TXN_21703,20260620,ACC_1160,104,New Business,Monthly Recurring,12500,150000,116
TXN_21704,20251126,ACC_1216,104,Renewal,Annual Prepaid,12500,150000,36
TXN_21705,20260426,ACC_1045,101,Expansion,Annual Prepaid,623,7476,80
TXN_21706,20251001,ACC_1184,103,New Business,Monthly Recurring,4999,59988,107
TXN_21707,20250902,ACC_1333,101,Renewal,Annual Prepaid,499,5988,120
TXN_21708,20250505,ACC_1141,102,Expansion,Annual Prepaid,1873,22476,104
TXN_21709,20250911,ACC_1005,103,Expansion,Annual Prepaid,6248,74976,14
TXN_21710,20250702,ACC_1037,101,Expansion,Annual Prepaid,623,7476,176
TXN_21711,20260615,ACC_1046,104,New Business,Annual Prepaid,12500,150000,178
TXN_21712,20250215,ACC_1233,102,Expansion,Monthly Recurring,2248,26976,207
TXN_21713,20250103,ACC_1014,101,Expansion,Annual Prepaid,623,7476,150
TXN_21714,20260124,ACC_1333,104,Renewal,Monthly Recurring,12500,150000,63
TXN_21715,20251030,ACC_1203,103,Renewal,Annual Prepaid,4999,59988,145
TXN_21716,20250407,ACC_1334,101,Contraction,Annual Prepaid,-199,-2388,20
TXN_21717,20260125,ACC_1044,102,New Business,Annual Prepaid,1499,17988,147
TXN_21718,20260423,ACC_1260,104,New Business,Monthly Recurring,12500,150000,99
TXN_21719,20260605,ACC_1056,104,New Business,Annual Prepaid,12500,150000,204
TXN_21720,20251107,ACC_1334,101,New Business,Annual Prepaid,499,5988,134
TXN_21721,20260819,ACC_1141,102,Renewal,Annual Prepaid,1499,17988,52
TXN_21722,20261010,ACC_1379,102,Renewal,Annual Prepaid,1499,17988,234
TXN_21723,20251226,ACC_1282,102,Renewal,Annual Prepaid,1499,17988,138
TXN_21724,20250405,ACC_1234,104,New Business,Annual Prepaid,12500,150000,65
TXN_21725,20260824,ACC_1268,101,Renewal,Annual Prepaid,499,5988,41
TXN_21726,20250328,ACC_1025,104,Expansion,Annual Prepaid,18750,225000,27
TXN_21727,20250521,ACC_1126,104,New Business,Annual Prepaid,12500,150000,230
TXN_21728,20251102,ACC_1390,103,New Business,Annual Prepaid,4999,59988,44
TXN_21729,20260630,ACC_1264,101,Renewal,Monthly Recurring,499,5988,232
TXN_21730,20250122,ACC_1188,101,Contraction,Monthly Recurring,-199,-2388,177
TXN_21731,20260609,ACC_1179,102,Renewal,Annual Prepaid,1499,17988,88
TXN_21732,20250920,ACC_1318,101,New Business,Monthly Recurring,499,5988,72
TXN_21733,20260324,ACC_1226,102,Expansion,Annual Prepaid,2248,26976,19
TXN_21734,20250907,ACC_1223,103,Expansion,Annual Prepaid,6248,74976,129
TXN_21735,20260511,ACC_1113,101,Expansion,Annual Prepaid,748,8976,91
TXN_21736,20260616,ACC_1068,101,Expansion,Annual Prepaid,623,7476,104
TXN_21737,20260127,ACC_1252,102,Renewal,Annual Prepaid,1499,17988,111
TXN_21738,20260809,ACC_1201,101,Renewal,Annual Prepaid,499,5988,16
TXN_21739,20260831,ACC_1380,103,Expansion,Annual Prepaid,7498,89976,167
TXN_21740,20260524,ACC_1385,101,New Business,Annual Prepaid,499,5988,160
TXN_21741,20260913,ACC_1272,103,Expansion,Annual Prepaid,6248,74976,184
TXN_21742,20260814,ACC_1058,104,Contraction,Annual Prepaid,-5000,-60000,117
TXN_21743,20250117,ACC_1121,103,Renewal,Annual Prepaid,4999,59988,24
TXN_21744,20260906,ACC_1315,101,Expansion,Annual Prepaid,748,8976,87
TXN_21745,20260330,ACC_1385,101,New Business,Annual Prepaid,499,5988,101
TXN_21746,20261012,ACC_1350,102,New Business,Annual Prepaid,1499,17988,55
TXN_21747,20250211,ACC_1087,104,New Business,Monthly Recurring,12500,150000,230
TXN_21748,20250920,ACC_1196,104,New Business,Annual Prepaid,12500,150000,203
TXN_21749,20260615,ACC_1178,104,Renewal,Monthly Recurring,12500,150000,24
TXN_21750,20250903,ACC_1106,101,Expansion,Monthly Recurring,623,7476,144
TXN_21751,20250921,ACC_1010,101,New Business,Annual Prepaid,499,5988,22
TXN_21752,20250126,ACC_1194,104,Expansion,Annual Prepaid,15625,187500,104
TXN_21753,20260720,ACC_1026,102,Contraction,Annual Prepaid,-599,-7188,123
TXN_21754,20260211,ACC_1143,101,Expansion,Annual Prepaid,748,8976,103
TXN_21755,20260421,ACC_1295,103,Contraction,Monthly Recurring,-1999,-23988,108
TXN_21756,20260912,ACC_1326,102,New Business,Annual Prepaid,1499,17988,13
TXN_21757,20261108,ACC_1290,101,Renewal,Annual Prepaid,499,5988,119
TXN_21758,20260308,ACC_1320,104,Renewal,Annual Prepaid,12500,150000,211
TXN_21759,20251224,ACC_1255,101,New Business,Annual Prepaid,499,5988,118
TXN_21760,20260124,ACC_1227,101,Expansion,Annual Prepaid,623,7476,9
TXN_21761,20261002,ACC_1352,103,Expansion,Annual Prepaid,7498,89976,142
TXN_21762,20260920,ACC_1152,104,Expansion,Annual Prepaid,15625,187500,155
TXN_21763,20260805,ACC_1150,104,Renewal,Monthly Recurring,12500,150000,103
TXN_21764,20260529,ACC_1167,102,New Business,Monthly Recurring,1499,17988,113
TXN_21765,20260913,ACC_1065,102,New Business,Annual Prepaid,1499,17988,182
TXN_21766,20260916,ACC_1093,104,Expansion,Annual Prepaid,15625,187500,92
TXN_21767,20261010,ACC_1062,104,Churn,Annual Prepaid,-12500,-150000,51
TXN_21768,20260104,ACC_1258,101,Expansion,Monthly Recurring,998,11976,197
TXN_21769,20260103,ACC_1166,101,Renewal,Annual Prepaid,499,5988,59
TXN_21770,20260306,ACC_1209,101,Expansion,Monthly Recurring,748,8976,101
TXN_21771,20251031,ACC_1171,102,Expansion,Annual Prepaid,1873,22476,108
TXN_21772,20260804,ACC_1060,102,New Business,Annual Prepaid,1499,17988,25
TXN_21773,20260830,ACC_1152,102,Expansion,Annual Prepaid,2248,26976,129
TXN_21774,20250824,ACC_1258,102,Renewal,Annual Prepaid,1499,17988,24
TXN_21775,20260929,ACC_1353,104,New Business,Monthly Recurring,12500,150000,9
TXN_21776,20250611,ACC_1217,101,New Business,Monthly Recurring,499,5988,150
TXN_21777,20250403,ACC_1275,102,Expansion,Monthly Recurring,2248,26976,111
TXN_21778,20260429,ACC_1328,101,New Business,Annual Prepaid,499,5988,137
TXN_21779,20250930,ACC_1024,104,Renewal,Annual Prepaid,12500,150000,7
TXN_21780,20250516,ACC_1218,103,Renewal,Annual Prepaid,4999,59988,7
TXN_21781,20250428,ACC_1193,101,Expansion,Annual Prepaid,748,8976,38
TXN_21782,20260609,ACC_1137,102,Churn,Annual Prepaid,-1499,-17988,81
TXN_21783,20260606,ACC_1257,101,Renewal,Monthly Recurring,499,5988,130
TXN_21784,20251114,ACC_1134,103,Renewal,Monthly Recurring,4999,59988,71
TXN_21785,20250523,ACC_1174,101,Expansion,Annual Prepaid,998,11976,116
TXN_21786,20260914,ACC_1206,103,Expansion,Monthly Recurring,7498,89976,90
TXN_21787,20251121,ACC_1275,103,Expansion,Monthly Recurring,7498,89976,145
TXN_21788,20260404,ACC_1384,103,Renewal,Annual Prepaid,4999,59988,28
TXN_21789,20260913,ACC_1291,103,New Business,Annual Prepaid,4999,59988,238
TXN_21790,20261021,ACC_1355,104,Expansion,Annual Prepaid,25000,300000,74
TXN_21791,20260213,ACC_1256,104,New Business,Annual Prepaid,12500,150000,7
TXN_21792,20260417,ACC_1084,104,New Business,Annual Prepaid,12500,150000,138
TXN_21793,20261029,ACC_1276,103,New Business,Annual Prepaid,4999,59988,244
TXN_21794,20260713,ACC_1370,101,Renewal,Monthly Recurring,499,5988,153
TXN_21795,20250420,ACC_1146,103,Expansion,Annual Prepaid,6248,74976,221
TXN_21796,20251006,ACC_1347,104,Expansion,Monthly Recurring,25000,300000,161
TXN_21797,20260704,ACC_1030,103,Renewal,Annual Prepaid,4999,59988,221
TXN_21798,20250115,ACC_1360,102,New Business,Annual Prepaid,1499,17988,14
TXN_21799,20260607,ACC_1120,104,Renewal,Annual Prepaid,12500,150000,73
TXN_21800,20260807,ACC_1320,102,New Business,Annual Prepaid,1499,17988,131
TXN_21801,20260722,ACC_1016,103,New Business,Annual Prepaid,4999,59988,232
TXN_21802,20251215,ACC_1048,104,New Business,Annual Prepaid,12500,150000,105
TXN_21803,20250110,ACC_1240,102,New Business,Monthly Recurring,1499,17988,161
TXN_21804,20250912,ACC_1004,104,Expansion,Annual Prepaid,18750,225000,178
TXN_21805,20260409,ACC_1255,102,Expansion,Annual Prepaid,2998,35976,73
TXN_21806,20260429,ACC_1326,102,Expansion,Annual Prepaid,1873,22476,163
TXN_21807,20250905,ACC_1149,103,New Business,Monthly Recurring,4999,59988,100
TXN_21808,20251005,ACC_1384,102,Expansion,Annual Prepaid,1873,22476,72
TXN_21809,20260130,ACC_1128,101,New Business,Annual Prepaid,499,5988,46
TXN_21810,20251203,ACC_1180,104,New Business,Monthly Recurring,12500,150000,177
TXN_21811,20250929,ACC_1027,104,New Business,Annual Prepaid,12500,150000,86
TXN_21812,20260805,ACC_1387,103,New Business,Monthly Recurring,4999,59988,54
TXN_21813,20260915,ACC_1142,102,Renewal,Annual Prepaid,1499,17988,165
TXN_21814,20250704,ACC_1043,103,Renewal,Annual Prepaid,4999,59988,225
TXN_21815,20250311,ACC_1352,104,Churn,Annual Prepaid,-12500,-150000,136
TXN_21816,20250517,ACC_1056,101,Contraction,Monthly Recurring,-199,-2388,222
TXN_21817,20250509,ACC_1176,103,Expansion,Annual Prepaid,6248,74976,148
TXN_21818,20260908,ACC_1051,104,Expansion,Monthly Recurring,25000,300000,94
TXN_21819,20261024,ACC_1156,101,Renewal,Monthly Recurring,499,5988,181
TXN_21820,20250125,ACC_1298,103,New Business,Annual Prepaid,4999,59988,156
TXN_21821,20260310,ACC_1024,104,New Business,Annual Prepaid,12500,150000,146
TXN_21822,20260705,ACC_1053,104,Expansion,Annual Prepaid,18750,225000,81
TXN_21823,20250212,ACC_1204,104,Expansion,Annual Prepaid,25000,300000,214
TXN_21824,20250425,ACC_1237,104,New Business,Annual Prepaid,12500,150000,171
TXN_21825,20260603,ACC_1321,103,Expansion,Annual Prepaid,9998,119976,246
TXN_21826,20260822,ACC_1213,101,Expansion,Monthly Recurring,623,7476,218
TXN_21827,20260531,ACC_1359,101,Renewal,Annual Prepaid,499,5988,180
TXN_21828,20250322,ACC_1211,102,New Business,Annual Prepaid,1499,17988,181
TXN_21829,20251105,ACC_1350,102,New Business,Annual Prepaid,1499,17988,208
TXN_21830,20260715,ACC_1345,102,Renewal,Annual Prepaid,1499,17988,33
TXN_21831,20250116,ACC_1048,101,Renewal,Annual Prepaid,499,5988,138
TXN_21832,20260427,ACC_1301,103,Contraction,Annual Prepaid,-1999,-23988,53
TXN_21833,20251112,ACC_1269,102,New Business,Annual Prepaid,1499,17988,160
TXN_21834,20260320,ACC_1314,104,Renewal,Annual Prepaid,12500,150000,61
TXN_21835,20260103,ACC_1185,103,Churn,Annual Prepaid,-4999,-59988,41
TXN_21836,20250422,ACC_1340,104,New Business,Annual Prepaid,12500,150000,166
TXN_21837,20260117,ACC_1191,102,New Business,Annual Prepaid,1499,17988,51
TXN_21838,20250630,ACC_1044,101,Expansion,Annual Prepaid,748,8976,40
TXN_21839,20250116,ACC_1264,104,New Business,Annual Prepaid,12500,150000,192
TXN_21840,20250131,ACC_1253,104,Renewal,Monthly Recurring,12500,150000,85
TXN_21841,20260419,ACC_1289,103,New Business,Annual Prepaid,4999,59988,197
TXN_21842,20260605,ACC_1132,104,Expansion,Monthly Recurring,18750,225000,8
TXN_21843,20250116,ACC_1325,101,Renewal,Annual Prepaid,499,5988,76
TXN_21844,20250818,ACC_1304,102,New Business,Annual Prepaid,1499,17988,137
TXN_21845,20250922,ACC_1208,103,Contraction,Annual Prepaid,-1999,-23988,126
TXN_21846,20250923,ACC_1175,103,New Business,Annual Prepaid,4999,59988,52
TXN_21847,20260410,ACC_1163,102,Expansion,Annual Prepaid,2248,26976,20
TXN_21848,20250827,ACC_1309,104,Renewal,Annual Prepaid,12500,150000,10
TXN_21849,20260309,ACC_1220,103,Expansion,Annual Prepaid,9998,119976,111
TXN_21850,20260817,ACC_1295,102,New Business,Monthly Recurring,1499,17988,114
TXN_21851,20251021,ACC_1012,101,Expansion,Annual Prepaid,998,11976,182
TXN_21852,20250318,ACC_1065,102,Expansion,Annual Prepaid,2998,35976,213
TXN_21853,20260606,ACC_1209,101,New Business,Annual Prepaid,499,5988,230
TXN_21854,20260713,ACC_1116,102,Expansion,Monthly Recurring,2998,35976,57
TXN_21855,20260710,ACC_1218,104,Expansion,Monthly Recurring,18750,225000,61
TXN_21856,20250629,ACC_1290,103,Churn,Annual Prepaid,-4999,-59988,39
TXN_21857,20260810,ACC_1075,104,New Business,Annual Prepaid,12500,150000,13
TXN_21858,20250613,ACC_1304,103,New Business,Annual Prepaid,4999,59988,123
TXN_21859,20250707,ACC_1220,104,New Business,Annual Prepaid,12500,150000,219
TXN_21860,20260615,ACC_1375,102,Expansion,Monthly Recurring,2998,35976,223
TXN_21861,20250307,ACC_1146,102,Renewal,Annual Prepaid,1499,17988,101
TXN_21862,20251207,ACC_1094,102,Renewal,Monthly Recurring,1499,17988,216
TXN_21863,20261023,ACC_1008,101,Renewal,Annual Prepaid,499,5988,95
TXN_21864,20260419,ACC_1236,102,Expansion,Monthly Recurring,1873,22476,118
TXN_21865,20250306,ACC_1385,103,New Business,Annual Prepaid,4999,59988,20
TXN_21866,20250728,ACC_1150,102,Renewal,Annual Prepaid,1499,17988,231
TXN_21867,20250514,ACC_1186,102,New Business,Annual Prepaid,1499,17988,175
TXN_21868,20260517,ACC_1213,101,Contraction,Annual Prepaid,-199,-2388,31
TXN_21869,20250419,ACC_1068,102,Renewal,Annual Prepaid,1499,17988,172
TXN_21870,20250825,ACC_1262,104,Renewal,Annual Prepaid,12500,150000,34
TXN_21871,20260111,ACC_1378,101,New Business,Annual Prepaid,499,5988,80
TXN_21872,20260922,ACC_1009,104,Renewal,Annual Prepaid,12500,150000,65
TXN_21873,20260717,ACC_1389,103,Renewal,Annual Prepaid,4999,59988,171
TXN_21874,20260110,ACC_1008,101,Expansion,Monthly Recurring,998,11976,166
TXN_21875,20260226,ACC_1337,101,Renewal,Annual Prepaid,499,5988,28
TXN_21876,20260307,ACC_1039,104,Expansion,Annual Prepaid,25000,300000,17
TXN_21877,20251203,ACC_1387,104,New Business,Annual Prepaid,12500,150000,177
TXN_21878,20250307,ACC_1275,104,Renewal,Annual Prepaid,12500,150000,91
TXN_21879,20260302,ACC_1067,101,Contraction,Annual Prepaid,-199,-2388,182
TXN_21880,20250721,ACC_1280,104,Expansion,Annual Prepaid,18750,225000,10
TXN_21881,20250204,ACC_1194,101,Expansion,Monthly Recurring,623,7476,225
TXN_21882,20260127,ACC_1053,101,New Business,Monthly Recurring,499,5988,180
TXN_21883,20250624,ACC_1010,103,Expansion,Monthly Recurring,7498,89976,43
TXN_21884,20250205,ACC_1322,102,Expansion,Annual Prepaid,2998,35976,220
TXN_21885,20250401,ACC_1206,102,New Business,Annual Prepaid,1499,17988,218
TXN_21886,20260818,ACC_1093,103,Expansion,Annual Prepaid,6248,74976,218
TXN_21887,20260912,ACC_1021,104,Expansion,Annual Prepaid,18750,225000,152
TXN_21888,20251203,ACC_1050,103,Expansion,Monthly Recurring,6248,74976,128
TXN_21889,20250812,ACC_1013,103,Expansion,Annual Prepaid,7498,89976,133
TXN_21890,20250114,ACC_1090,104,Churn,Annual Prepaid,-12500,-150000,179
TXN_21891,20250103,ACC_1306,102,Expansion,Annual Prepaid,2998,35976,168
TXN_21892,20260510,ACC_1307,103,Expansion,Annual Prepaid,6248,74976,120
TXN_21893,20250522,ACC_1052,104,Renewal,Annual Prepaid,12500,150000,50
TXN_21894,20261026,ACC_1332,101,Contraction,Annual Prepaid,-199,-2388,22
TXN_21895,20261002,ACC_1086,101,Renewal,Annual Prepaid,499,5988,145
TXN_21896,20251103,ACC_1178,101,New Business,Annual Prepaid,499,5988,104
TXN_21897,20251012,ACC_1281,103,Renewal,Annual Prepaid,4999,59988,244
TXN_21898,20260113,ACC_1261,104,New Business,Annual Prepaid,12500,150000,236
TXN_21899,20250301,ACC_1313,102,New Business,Annual Prepaid,1499,17988,79
TXN_21900,20251002,ACC_1003,103,Expansion,Monthly Recurring,7498,89976,175
TXN_21901,20260807,ACC_1329,103,Expansion,Annual Prepaid,7498,89976,176
TXN_21902,20251025,ACC_1223,101,Renewal,Annual Prepaid,499,5988,82
TXN_21903,20251128,ACC_1383,101,Contraction,Annual Prepaid,-199,-2388,136
TXN_21904,20260327,ACC_1130,103,Renewal,Annual Prepaid,4999,59988,208
TXN_21905,20250109,ACC_1318,101,New Business,Annual Prepaid,499,5988,205
TXN_21906,20250429,ACC_1059,103,Renewal,Monthly Recurring,4999,59988,70
TXN_21907,20260425,ACC_1331,103,Renewal,Monthly Recurring,4999,59988,152
TXN_21908,20250417,ACC_1355,104,Renewal,Annual Prepaid,12500,150000,121
TXN_21909,20250729,ACC_1120,103,Expansion,Monthly Recurring,7498,89976,249
TXN_21910,20260304,ACC_1379,104,Expansion,Annual Prepaid,15625,187500,113
TXN_21911,20250415,ACC_1377,104,New Business,Annual Prepaid,12500,150000,31
TXN_21912,20261011,ACC_1288,101,New Business,Monthly Recurring,499,5988,228
TXN_21913,20260626,ACC_1322,104,New Business,Monthly Recurring,12500,150000,64
TXN_21914,20250304,ACC_1001,104,Renewal,Annual Prepaid,12500,150000,69
TXN_21915,20261006,ACC_1334,101,New Business,Annual Prepaid,499,5988,221
TXN_21916,20261009,ACC_1196,101,Renewal,Annual Prepaid,499,5988,200
TXN_21917,20250522,ACC_1043,101,New Business,Annual Prepaid,499,5988,228
TXN_21918,20250803,ACC_1027,104,Churn,Monthly Recurring,-12500,-150000,157
TXN_21919,20250816,ACC_1067,102,Expansion,Annual Prepaid,2998,35976,78
TXN_21920,20260207,ACC_1382,102,New Business,Monthly Recurring,1499,17988,183
TXN_21921,20250116,ACC_1018,102,Expansion,Annual Prepaid,1873,22476,60
TXN_21922,20260601,ACC_1079,103,Renewal,Monthly Recurring,4999,59988,121
TXN_21923,20260204,ACC_1100,102,New Business,Annual Prepaid,1499,17988,90
TXN_21924,20250320,ACC_1320,104,Churn,Monthly Recurring,-12500,-150000,184
TXN_21925,20251112,ACC_1106,101,Renewal,Annual Prepaid,499,5988,85
TXN_21926,20250312,ACC_1361,104,Expansion,Monthly Recurring,15625,187500,249
TXN_21927,20260814,ACC_1140,103,Renewal,Annual Prepaid,4999,59988,146
TXN_21928,20260923,ACC_1130,104,New Business,Annual Prepaid,12500,150000,105
TXN_21929,20250413,ACC_1262,104,Churn,Annual Prepaid,-12500,-150000,146
TXN_21930,20260201,ACC_1037,104,New Business,Annual Prepaid,12500,150000,96
TXN_21931,20251015,ACC_1018,101,New Business,Annual Prepaid,499,5988,209
TXN_21932,20260404,ACC_1215,101,Expansion,Monthly Recurring,623,7476,162
TXN_21933,20251121,ACC_1104,102,Expansion,Annual Prepaid,2998,35976,222
TXN_21934,20260714,ACC_1031,104,New Business,Annual Prepaid,12500,150000,65
TXN_21935,20260215,ACC_1396,102,Churn,Monthly Recurring,-1499,-17988,84
TXN_21936,20260624,ACC_1180,104,Churn,Monthly Recurring,-12500,-150000,168
TXN_21937,20260811,ACC_1009,103,Expansion,Monthly Recurring,6248,74976,36
TXN_21938,20261018,ACC_1250,101,New Business,Annual Prepaid,499,5988,228
TXN_21939,20261109,ACC_1056,103,Contraction,Monthly Recurring,-1999,-23988,162
TXN_21940,20260618,ACC_1249,102,Contraction,Monthly Recurring,-599,-7188,19
TXN_21941,20250423,ACC_1370,104,New Business,Annual Prepaid,12500,150000,189
TXN_21942,20261030,ACC_1186,103,New Business,Annual Prepaid,4999,59988,5
TXN_21943,20260912,ACC_1041,104,Contraction,Annual Prepaid,-5000,-60000,107
TXN_21944,20260416,ACC_1128,102,New Business,Annual Prepaid,1499,17988,34
TXN_21945,20260711,ACC_1045,104,Contraction,Annual Prepaid,-5000,-60000,144
TXN_21946,20250426,ACC_1349,104,New Business,Annual Prepaid,12500,150000,152
TXN_21947,20250203,ACC_1335,104,New Business,Annual Prepaid,12500,150000,134
TXN_21948,20250628,ACC_1249,103,Contraction,Annual Prepaid,-1999,-23988,88
TXN_21949,20260810,ACC_1362,104,Expansion,Monthly Recurring,18750,225000,155
TXN_21950,20251204,ACC_1297,104,Churn,Annual Prepaid,-12500,-150000,138
TXN_21951,20260624,ACC_1330,102,New Business,Annual Prepaid,1499,17988,241
TXN_21952,20260918,ACC_1370,103,New Business,Annual Prepaid,4999,59988,175
TXN_21953,20260909,ACC_1059,102,Contraction,Annual Prepaid,-599,-7188,152
TXN_21954,20260416,ACC_1354,103,Expansion,Annual Prepaid,9998,119976,88
TXN_21955,20250527,ACC_1348,102,Contraction,Annual Prepaid,-599,-7188,167
TXN_21956,20250413,ACC_1175,102,Renewal,Annual Prepaid,1499,17988,98
TXN_21957,20250114,ACC_1145,102,Expansion,Monthly Recurring,1873,22476,233
TXN_21958,20260702,ACC_1189,104,Renewal,Annual Prepaid,12500,150000,244
TXN_21959,20250608,ACC_1014,103,Expansion,Annual Prepaid,7498,89976,85
TXN_21960,20260723,ACC_1083,104,New Business,Monthly Recurring,12500,150000,136
TXN_21961,20260130,ACC_1302,103,New Business,Annual Prepaid,4999,59988,60
TXN_21962,20260829,ACC_1038,101,New Business,Annual Prepaid,499,5988,223
TXN_21963,20251124,ACC_1136,103,Contraction,Annual Prepaid,-1999,-23988,148
TXN_21964,20250807,ACC_1361,101,Contraction,Annual Prepaid,-199,-2388,228
TXN_21965,20260913,ACC_1241,103,Contraction,Monthly Recurring,-1999,-23988,30
TXN_21966,20260901,ACC_1220,103,Contraction,Monthly Recurring,-1999,-23988,241
TXN_21967,20250418,ACC_1008,102,Contraction,Annual Prepaid,-599,-7188,178
TXN_21968,20251029,ACC_1346,103,Renewal,Annual Prepaid,4999,59988,167
TXN_21969,20260925,ACC_1039,104,Renewal,Monthly Recurring,12500,150000,216
TXN_21970,20251003,ACC_1179,101,Expansion,Annual Prepaid,748,8976,130
TXN_21971,20260124,ACC_1240,102,Expansion,Monthly Recurring,1873,22476,187
TXN_21972,20250622,ACC_1309,102,New Business,Annual Prepaid,1499,17988,218
TXN_21973,20260518,ACC_1269,104,Expansion,Monthly Recurring,25000,300000,126
TXN_21974,20260315,ACC_1310,102,New Business,Annual Prepaid,1499,17988,166
TXN_21975,20250813,ACC_1283,103,New Business,Monthly Recurring,4999,59988,84
TXN_21976,20250405,ACC_1316,103,Renewal,Annual Prepaid,4999,59988,210
TXN_21977,20251003,ACC_1390,102,Expansion,Annual Prepaid,2998,35976,212
TXN_21978,20250504,ACC_1296,103,New Business,Annual Prepaid,4999,59988,31
TXN_21979,20250315,ACC_1366,104,Expansion,Monthly Recurring,25000,300000,53
TXN_21980,20250408,ACC_1337,102,Churn,Annual Prepaid,-1499,-17988,155
TXN_21981,20251208,ACC_1313,102,Renewal,Annual Prepaid,1499,17988,27
TXN_21982,20260712,ACC_1105,103,New Business,Annual Prepaid,4999,59988,151
TXN_21983,20260925,ACC_1222,103,New Business,Annual Prepaid,4999,59988,43
TXN_21984,20260319,ACC_1241,102,Renewal,Annual Prepaid,1499,17988,172
TXN_21985,20251229,ACC_1027,102,New Business,Annual Prepaid,1499,17988,17
TXN_21986,20250225,ACC_1382,104,Renewal,Annual Prepaid,12500,150000,32
TXN_21987,20250703,ACC_1320,103,New Business,Annual Prepaid,4999,59988,104
TXN_21988,20260317,ACC_1041,104,Expansion,Monthly Recurring,18750,225000,50
TXN_21989,20260314,ACC_1159,104,New Business,Monthly Recurring,12500,150000,201
TXN_21990,20260813,ACC_1172,101,Expansion,Annual Prepaid,748,8976,29
TXN_21991,20251022,ACC_1308,104,Expansion,Annual Prepaid,25000,300000,180
TXN_21992,20260414,ACC_1052,104,Renewal,Annual Prepaid,12500,150000,122
TXN_21993,20260903,ACC_1400,103,Contraction,Annual Prepaid,-1999,-23988,235
TXN_21994,20260114,ACC_1140,103,Expansion,Annual Prepaid,9998,119976,83
TXN_21995,20250802,ACC_1385,102,Expansion,Annual Prepaid,1873,22476,247
TXN_21996,20260313,ACC_1198,102,New Business,Annual Prepaid,1499,17988,203
TXN_21997,20261111,ACC_1378,103,Expansion,Annual Prepaid,7498,89976,43
TXN_21998,20250820,ACC_1364,101,Expansion,Annual Prepaid,998,11976,55
TXN_21999,20251227,ACC_1047,104,New Business,Annual Prepaid,12500,150000,153
TXN_22000,20260604,ACC_1368,101,New Business,Annual Prepaid,499,5988,89
TXN_22001,20260820,ACC_1043,104,Renewal,Annual Prepaid,12500,150000,27
TXN_22002,20250409,ACC_1115,102,Expansion,Annual Prepaid,2998,35976,201
TXN_22003,20250819,ACC_1244,101,Renewal,Monthly Recurring,499,5988,217
TXN_22004,20250920,ACC_1049,102,Renewal,Annual Prepaid,1499,17988,81
TXN_22005,20250505,ACC_1062,103,Renewal,Annual Prepaid,4999,59988,165
TXN_22006,20250416,ACC_1029,102,New Business,Monthly Recurring,1499,17988,225
TXN_22007,20250102,ACC_1173,104,New Business,Monthly Recurring,12500,150000,182
TXN_22008,20251020,ACC_1321,104,Expansion,Annual Prepaid,25000,300000,231
TXN_22009,20250324,ACC_1390,104,Expansion,Annual Prepaid,15625,187500,69
TXN_22010,20260910,ACC_1281,103,Expansion,Annual Prepaid,6248,74976,111
TXN_22011,20250608,ACC_1036,103,New Business,Annual Prepaid,4999,59988,206
TXN_22012,20260513,ACC_1155,101,Renewal,Annual Prepaid,499,5988,28
TXN_22013,20260605,ACC_1245,104,Expansion,Annual Prepaid,18750,225000,162
TXN_22014,20260816,ACC_1278,102,Contraction,Annual Prepaid,-599,-7188,75
TXN_22015,20261013,ACC_1016,101,Renewal,Monthly Recurring,499,5988,103
TXN_22016,20260419,ACC_1236,103,Contraction,Annual Prepaid,-1999,-23988,194
TXN_22017,20260318,ACC_1094,104,Expansion,Annual Prepaid,15625,187500,32
TXN_22018,20260209,ACC_1282,103,Expansion,Monthly Recurring,6248,74976,244
TXN_22019,20250126,ACC_1058,103,Expansion,Annual Prepaid,6248,74976,221
TXN_22020,20261101,ACC_1328,101,New Business,Annual Prepaid,499,5988,91
TXN_22021,20251129,ACC_1267,103,New Business,Annual Prepaid,4999,59988,198
TXN_22022,20260205,ACC_1053,103,Renewal,Annual Prepaid,4999,59988,154
TXN_22023,20261013,ACC_1102,103,Renewal,Monthly Recurring,4999,59988,199
TXN_22024,20251113,ACC_1286,102,New Business,Monthly Recurring,1499,17988,86
TXN_22025,20260609,ACC_1307,104,New Business,Annual Prepaid,12500,150000,144
TXN_22026,20260714,ACC_1082,101,Contraction,Annual Prepaid,-199,-2388,188
TXN_22027,20250418,ACC_1040,103,Expansion,Monthly Recurring,6248,74976,27
TXN_22028,20260407,ACC_1333,102,Renewal,Monthly Recurring,1499,17988,181
TXN_22029,20260825,ACC_1358,102,Churn,Annual Prepaid,-1499,-17988,164
TXN_22030,20250526,ACC_1377,103,Expansion,Annual Prepaid,7498,89976,145
TXN_22031,20260912,ACC_1286,102,New Business,Monthly Recurring,1499,17988,54
TXN_22032,20251209,ACC_1014,102,Renewal,Monthly Recurring,1499,17988,170
TXN_22033,20260723,ACC_1314,102,Churn,Monthly Recurring,-1499,-17988,68
TXN_22034,20251212,ACC_1098,104,Expansion,Annual Prepaid,18750,225000,116
TXN_22035,20260114,ACC_1068,101,Renewal,Monthly Recurring,499,5988,157
TXN_22036,20260226,ACC_1025,103,Expansion,Monthly Recurring,9998,119976,124
TXN_22037,20261104,ACC_1231,103,Contraction,Annual Prepaid,-1999,-23988,142
TXN_22038,20260204,ACC_1028,102,New Business,Annual Prepaid,1499,17988,96
TXN_22039,20250928,ACC_1255,101,Expansion,Annual Prepaid,998,11976,103
TXN_22040,20261028,ACC_1014,102,Expansion,Monthly Recurring,2998,35976,149
TXN_22041,20250802,ACC_1291,104,Renewal,Monthly Recurring,12500,150000,25
TXN_22042,20250801,ACC_1015,103,Renewal,Monthly Recurring,4999,59988,228
TXN_22043,20260206,ACC_1247,101,Expansion,Annual Prepaid,623,7476,248
TXN_22044,20250601,ACC_1226,102,New Business,Annual Prepaid,1499,17988,229
TXN_22045,20250829,ACC_1038,104,Expansion,Annual Prepaid,18750,225000,214
TXN_22046,20260411,ACC_1023,104,Expansion,Monthly Recurring,25000,300000,235
TXN_22047,20250901,ACC_1020,101,New Business,Annual Prepaid,499,5988,232
TXN_22048,20250603,ACC_1036,101,Renewal,Annual Prepaid,499,5988,168
TXN_22049,20260704,ACC_1091,102,New Business,Annual Prepaid,1499,17988,206
TXN_22050,20250207,ACC_1350,101,Renewal,Annual Prepaid,499,5988,191
TXN_22051,20260601,ACC_1043,103,New Business,Annual Prepaid,4999,59988,127
TXN_22052,20261031,ACC_1173,104,Renewal,Monthly Recurring,12500,150000,146
TXN_22053,20260622,ACC_1376,104,Expansion,Annual Prepaid,25000,300000,193
TXN_22054,20250406,ACC_1400,102,Renewal,Annual Prepaid,1499,17988,60
TXN_22055,20260418,ACC_1136,102,Renewal,Annual Prepaid,1499,17988,173
TXN_22056,20250328,ACC_1025,102,Renewal,Annual Prepaid,1499,17988,171
TXN_22057,20260509,ACC_1345,102,Renewal,Annual Prepaid,1499,17988,161
TXN_22058,20250710,ACC_1102,101,New Business,Annual Prepaid,499,5988,146
TXN_22059,20250617,ACC_1357,101,New Business,Annual Prepaid,499,5988,187
TXN_22060,20260615,ACC_1111,104,Expansion,Annual Prepaid,18750,225000,179
TXN_22061,20260525,ACC_1302,104,Renewal,Monthly Recurring,12500,150000,94
TXN_22062,20260308,ACC_1081,102,New Business,Annual Prepaid,1499,17988,151
TXN_22063,20250310,ACC_1007,101,Expansion,Annual Prepaid,748,8976,124
TXN_22064,20260708,ACC_1186,104,Contraction,Annual Prepaid,-5000,-60000,22
TXN_22065,20261018,ACC_1298,103,New Business,Annual Prepaid,4999,59988,223
TXN_22066,20250530,ACC_1335,102,Expansion,Annual Prepaid,2998,35976,117
TXN_22067,20260504,ACC_1324,103,New Business,Annual Prepaid,4999,59988,64
TXN_22068,20260721,ACC_1329,104,Renewal,Annual Prepaid,12500,150000,67
TXN_22069,20260622,ACC_1184,103,New Business,Annual Prepaid,4999,59988,177
TXN_22070,20260731,ACC_1073,103,Renewal,Annual Prepaid,4999,59988,13
TXN_22071,20250128,ACC_1236,102,Renewal,Annual Prepaid,1499,17988,138
TXN_22072,20250326,ACC_1027,102,New Business,Annual Prepaid,1499,17988,214
TXN_22073,20260826,ACC_1099,103,Expansion,Monthly Recurring,6248,74976,42
TXN_22074,20261017,ACC_1341,104,Renewal,Annual Prepaid,12500,150000,33
TXN_22075,20250525,ACC_1112,102,Expansion,Annual Prepaid,1873,22476,189
TXN_22076,20261014,ACC_1375,101,Renewal,Annual Prepaid,499,5988,248
TXN_22077,20251110,ACC_1113,104,New Business,Annual Prepaid,12500,150000,195
TXN_22078,20260508,ACC_1023,101,New Business,Annual Prepaid,499,5988,114
TXN_22079,20250807,ACC_1372,103,Expansion,Monthly Recurring,9998,119976,208
TXN_22080,20250811,ACC_1027,102,Contraction,Monthly Recurring,-599,-7188,152
TXN_22081,20260305,ACC_1227,103,New Business,Monthly Recurring,4999,59988,248
TXN_22082,20260628,ACC_1393,103,Expansion,Annual Prepaid,7498,89976,42
TXN_22083,20251108,ACC_1098,104,New Business,Monthly Recurring,12500,150000,124
TXN_22084,20250717,ACC_1220,102,Contraction,Monthly Recurring,-599,-7188,165
TXN_22085,20250221,ACC_1071,104,Expansion,Annual Prepaid,15625,187500,48
TXN_22086,20260423,ACC_1373,102,New Business,Monthly Recurring,1499,17988,183
TXN_22087,20250720,ACC_1357,103,Renewal,Monthly Recurring,4999,59988,191
TXN_22088,20250915,ACC_1214,104,New Business,Annual Prepaid,12500,150000,76
TXN_22089,20260716,ACC_1393,102,New Business,Annual Prepaid,1499,17988,102
TXN_22090,20260713,ACC_1043,101,Churn,Annual Prepaid,-499,-5988,59
TXN_22091,20260905,ACC_1063,103,New Business,Annual Prepaid,4999,59988,96
TXN_22092,20260702,ACC_1308,101,Contraction,Monthly Recurring,-199,-2388,22
TXN_22093,20250616,ACC_1345,103,Expansion,Annual Prepaid,7498,89976,212
TXN_22094,20260527,ACC_1212,103,Expansion,Annual Prepaid,7498,89976,68
TXN_22095,20260307,ACC_1012,102,Expansion,Annual Prepaid,2998,35976,201
TXN_22096,20250906,ACC_1258,104,Renewal,Annual Prepaid,12500,150000,159
TXN_22097,20250212,ACC_1287,101,Renewal,Annual Prepaid,499,5988,225
TXN_22098,20250128,ACC_1001,104,New Business,Annual Prepaid,12500,150000,26
TXN_22099,20250616,ACC_1041,104,Renewal,Monthly Recurring,12500,150000,243
TXN_22100,20250421,ACC_1249,103,Expansion,Annual Prepaid,9998,119976,30
TXN_22101,20260113,ACC_1381,102,Renewal,Annual Prepaid,1499,17988,249
TXN_22102,20260623,ACC_1206,102,Renewal,Annual Prepaid,1499,17988,180
TXN_22103,20260821,ACC_1202,104,New Business,Annual Prepaid,12500,150000,244
TXN_22104,20250322,ACC_1073,103,Renewal,Annual Prepaid,4999,59988,47
TXN_22105,20250325,ACC_1263,104,Contraction,Annual Prepaid,-5000,-60000,44
TXN_22106,20250228,ACC_1135,102,Expansion,Annual Prepaid,1873,22476,90
TXN_22107,20260902,ACC_1241,101,New Business,Annual Prepaid,499,5988,117
TXN_22108,20251213,ACC_1146,104,New Business,Annual Prepaid,12500,150000,107
TXN_22109,20260216,ACC_1245,101,New Business,Annual Prepaid,499,5988,8
TXN_22110,20250117,ACC_1036,102,New Business,Monthly Recurring,1499,17988,52
TXN_22111,20260101,ACC_1062,101,Renewal,Annual Prepaid,499,5988,181
TXN_22112,20250627,ACC_1347,101,Contraction,Monthly Recurring,-199,-2388,60
TXN_22113,20250323,ACC_1078,102,New Business,Annual Prepaid,1499,17988,197
TXN_22114,20250110,ACC_1106,101,Churn,Annual Prepaid,-499,-5988,38
TXN_22115,20260806,ACC_1040,101,New Business,Annual Prepaid,499,5988,137
TXN_22116,20260105,ACC_1354,104,New Business,Annual Prepaid,12500,150000,183
TXN_22117,20260718,ACC_1269,104,Renewal,Annual Prepaid,12500,150000,169
TXN_22118,20251108,ACC_1013,102,Expansion,Annual Prepaid,1873,22476,202
TXN_22119,20250618,ACC_1300,104,Contraction,Annual Prepaid,-5000,-60000,218
TXN_22120,20250901,ACC_1042,104,New Business,Annual Prepaid,12500,150000,197
TXN_22121,20260615,ACC_1286,102,New Business,Annual Prepaid,1499,17988,21
TXN_22122,20250414,ACC_1360,101,Expansion,Annual Prepaid,623,7476,128
TXN_22123,20250603,ACC_1081,101,New Business,Annual Prepaid,499,5988,228
TXN_22124,20250723,ACC_1249,104,Renewal,Monthly Recurring,12500,150000,180
TXN_22125,20250929,ACC_1262,103,New Business,Annual Prepaid,4999,59988,48
TXN_22126,20260217,ACC_1046,103,New Business,Monthly Recurring,4999,59988,207
TXN_22127,20260521,ACC_1203,101,Renewal,Annual Prepaid,499,5988,88
TXN_22128,20250606,ACC_1059,101,Contraction,Monthly Recurring,-199,-2388,65
TXN_22129,20261003,ACC_1064,101,Renewal,Annual Prepaid,499,5988,69
TXN_22130,20251112,ACC_1122,102,New Business,Monthly Recurring,1499,17988,117
TXN_22131,20250518,ACC_1070,104,New Business,Annual Prepaid,12500,150000,102
TXN_22132,20251202,ACC_1031,104,New Business,Monthly Recurring,12500,150000,198
TXN_22133,20251008,ACC_1308,101,New Business,Annual Prepaid,499,5988,26
TXN_22134,20250427,ACC_1203,104,Contraction,Annual Prepaid,-5000,-60000,24
TXN_22135,20251103,ACC_1106,102,New Business,Monthly Recurring,1499,17988,126
TXN_22136,20260621,ACC_1137,104,Renewal,Annual Prepaid,12500,150000,63
TXN_22137,20250507,ACC_1301,101,New Business,Annual Prepaid,499,5988,7
TXN_22138,20260612,ACC_1293,101,Expansion,Annual Prepaid,748,8976,11
TXN_22139,20260312,ACC_1398,102,Renewal,Annual Prepaid,1499,17988,108
TXN_22140,20260919,ACC_1129,104,Contraction,Annual Prepaid,-5000,-60000,218
TXN_22141,20260121,ACC_1080,103,Renewal,Monthly Recurring,4999,59988,35
TXN_22142,20260124,ACC_1050,101,Expansion,Monthly Recurring,998,11976,196
TXN_22143,20250205,ACC_1203,101,Renewal,Monthly Recurring,499,5988,196
TXN_22144,20250723,ACC_1278,102,Expansion,Annual Prepaid,1873,22476,206
TXN_22145,20250319,ACC_1210,103,New Business,Monthly Recurring,4999,59988,54
TXN_22146,20250515,ACC_1058,102,Expansion,Monthly Recurring,2248,26976,89
TXN_22147,20260428,ACC_1387,103,Renewal,Annual Prepaid,4999,59988,136
TXN_22148,20251021,ACC_1018,101,Expansion,Annual Prepaid,998,11976,23
TXN_22149,20250521,ACC_1120,104,New Business,Annual Prepaid,12500,150000,193
TXN_22150,20250903,ACC_1158,102,Renewal,Annual Prepaid,1499,17988,240
TXN_22151,20260527,ACC_1033,101,New Business,Annual Prepaid,499,5988,75
TXN_22152,20250618,ACC_1313,103,Expansion,Monthly Recurring,7498,89976,120
TXN_22153,20251024,ACC_1260,102,New Business,Annual Prepaid,1499,17988,108
TXN_22154,20260315,ACC_1117,101,New Business,Annual Prepaid,499,5988,146
TXN_22155,20260411,ACC_1188,104,New Business,Annual Prepaid,12500,150000,240
TXN_22156,20250219,ACC_1338,102,Expansion,Annual Prepaid,2248,26976,6
TXN_22157,20251129,ACC_1158,102,New Business,Annual Prepaid,1499,17988,118
TXN_22158,20250818,ACC_1035,103,Expansion,Monthly Recurring,9998,119976,193
TXN_22159,20251111,ACC_1055,103,New Business,Annual Prepaid,4999,59988,97
TXN_22160,20250808,ACC_1007,102,Contraction,Monthly Recurring,-599,-7188,40
TXN_22161,20260605,ACC_1045,102,New Business,Annual Prepaid,1499,17988,118
TXN_22162,20250111,ACC_1331,101,Contraction,Annual Prepaid,-199,-2388,167
TXN_22163,20260627,ACC_1122,103,Churn,Annual Prepaid,-4999,-59988,160
TXN_22164,20251127,ACC_1224,101,New Business,Monthly Recurring,499,5988,133
TXN_22165,20250816,ACC_1197,102,Expansion,Annual Prepaid,2248,26976,247
TXN_22166,20260810,ACC_1389,104,Contraction,Monthly Recurring,-5000,-60000,228
TXN_22167,20261109,ACC_1288,102,Contraction,Annual Prepaid,-599,-7188,78
TXN_22168,20260412,ACC_1247,101,Contraction,Annual Prepaid,-199,-2388,168
TXN_22169,20251104,ACC_1096,102,Expansion,Annual Prepaid,2248,26976,74
TXN_22170,20260727,ACC_1137,101,Contraction,Annual Prepaid,-199,-2388,99
TXN_22171,20261029,ACC_1296,104,New Business,Annual Prepaid,12500,150000,157
TXN_22172,20250108,ACC_1069,102,Renewal,Monthly Recurring,1499,17988,232
TXN_22173,20260106,ACC_1249,101,Renewal,Annual Prepaid,499,5988,87
TXN_22174,20251109,ACC_1295,102,Expansion,Annual Prepaid,1873,22476,131
TXN_22175,20260606,ACC_1191,103,Expansion,Monthly Recurring,9998,119976,66
TXN_22176,20261022,ACC_1387,102,Expansion,Annual Prepaid,2248,26976,182
TXN_22177,20261023,ACC_1377,103,Expansion,Annual Prepaid,9998,119976,33
TXN_22178,20260713,ACC_1352,104,Expansion,Monthly Recurring,25000,300000,227
TXN_22179,20251207,ACC_1132,104,New Business,Annual Prepaid,12500,150000,72
TXN_22180,20250717,ACC_1193,103,Expansion,Annual Prepaid,9998,119976,67
TXN_22181,20250112,ACC_1065,103,New Business,Monthly Recurring,4999,59988,224
TXN_22182,20250621,ACC_1398,102,Renewal,Monthly Recurring,1499,17988,223
TXN_22183,20260527,ACC_1166,103,Contraction,Monthly Recurring,-1999,-23988,124
TXN_22184,20261108,ACC_1105,102,Expansion,Monthly Recurring,1873,22476,164
TXN_22185,20260422,ACC_1264,101,New Business,Annual Prepaid,499,5988,9
TXN_22186,20260117,ACC_1210,104,Churn,Annual Prepaid,-12500,-150000,155
TXN_22187,20251217,ACC_1005,102,Renewal,Annual Prepaid,1499,17988,96
TXN_22188,20251223,ACC_1230,101,Renewal,Annual Prepaid,499,5988,246
TXN_22189,20260326,ACC_1153,101,New Business,Annual Prepaid,499,5988,36
TXN_22190,20250806,ACC_1277,104,Churn,Annual Prepaid,-12500,-150000,19
TXN_22191,20261101,ACC_1290,104,Expansion,Monthly Recurring,15625,187500,240
TXN_22192,20250922,ACC_1397,103,Expansion,Monthly Recurring,6248,74976,40
TXN_22193,20260615,ACC_1373,104,Renewal,Annual Prepaid,12500,150000,108
TXN_22194,20250910,ACC_1241,101,Renewal,Annual Prepaid,499,5988,147
TXN_22195,20260914,ACC_1271,103,Churn,Monthly Recurring,-4999,-59988,194
TXN_22196,20260212,ACC_1179,103,Churn,Monthly Recurring,-4999,-59988,61
TXN_22197,20261031,ACC_1031,102,New Business,Monthly Recurring,1499,17988,135
TXN_22198,20251202,ACC_1330,102,Renewal,Annual Prepaid,1499,17988,37
TXN_22199,20261026,ACC_1140,101,New Business,Monthly Recurring,499,5988,100
TXN_22200,20251222,ACC_1400,104,Contraction,Monthly Recurring,-5000,-60000,208
TXN_22201,20250121,ACC_1307,101,Renewal,Monthly Recurring,499,5988,249
TXN_22202,20260813,ACC_1390,101,Expansion,Annual Prepaid,748,8976,38
TXN_22203,20250106,ACC_1056,103,New Business,Annual Prepaid,4999,59988,152
TXN_22204,20250110,ACC_1258,102,Contraction,Monthly Recurring,-599,-7188,74
TXN_22205,20250508,ACC_1151,104,New Business,Annual Prepaid,12500,150000,59
TXN_22206,20260514,ACC_1305,102,New Business,Monthly Recurring,1499,17988,139
TXN_22207,20251026,ACC_1105,101,New Business,Annual Prepaid,499,5988,118
TXN_22208,20260329,ACC_1275,104,Expansion,Monthly Recurring,25000,300000,246
TXN_22209,20250625,ACC_1301,104,Renewal,Annual Prepaid,12500,150000,114
TXN_22210,20250617,ACC_1172,103,Renewal,Annual Prepaid,4999,59988,146
TXN_22211,20260408,ACC_1337,101,New Business,Annual Prepaid,499,5988,19
TXN_22212,20250110,ACC_1065,104,New Business,Annual Prepaid,12500,150000,46
TXN_22213,20260922,ACC_1244,101,Expansion,Annual Prepaid,623,7476,82
TXN_22214,20260127,ACC_1246,102,Renewal,Annual Prepaid,1499,17988,180
TXN_22215,20260926,ACC_1158,102,New Business,Annual Prepaid,1499,17988,112
TXN_22216,20260120,ACC_1304,104,Expansion,Annual Prepaid,18750,225000,249
TXN_22217,20251206,ACC_1203,101,Expansion,Monthly Recurring,623,7476,5
TXN_22218,20250131,ACC_1086,102,Contraction,Annual Prepaid,-599,-7188,188
TXN_22219,20251106,ACC_1349,103,Contraction,Annual Prepaid,-1999,-23988,24
TXN_22220,20261025,ACC_1338,102,New Business,Annual Prepaid,1499,17988,117
TXN_22221,20260117,ACC_1273,104,Renewal,Annual Prepaid,12500,150000,21
TXN_22222,20251209,ACC_1189,102,New Business,Monthly Recurring,1499,17988,204
TXN_22223,20250719,ACC_1055,102,New Business,Monthly Recurring,1499,17988,33
TXN_22224,20260826,ACC_1151,103,Expansion,Annual Prepaid,6248,74976,33
TXN_22225,20250924,ACC_1301,103,New Business,Annual Prepaid,4999,59988,132
TXN_22226,20261011,ACC_1262,103,Expansion,Annual Prepaid,9998,119976,209
TXN_22227,20260209,ACC_1253,102,Expansion,Annual Prepaid,2998,35976,202
TXN_22228,20250821,ACC_1166,101,Churn,Monthly Recurring,-499,-5988,43
TXN_22229,20250101,ACC_1327,103,Churn,Annual Prepaid,-4999,-59988,140
TXN_22230,20251002,ACC_1069,102,New Business,Annual Prepaid,1499,17988,187
TXN_22231,20250604,ACC_1335,104,Contraction,Annual Prepaid,-5000,-60000,105
TXN_22232,20250502,ACC_1030,103,New Business,Monthly Recurring,4999,59988,203
TXN_22233,20250214,ACC_1368,103,New Business,Annual Prepaid,4999,59988,39
TXN_22234,20250830,ACC_1207,104,Renewal,Annual Prepaid,12500,150000,55
TXN_22235,20251226,ACC_1302,104,Contraction,Annual Prepaid,-5000,-60000,62
TXN_22236,20261024,ACC_1338,102,Expansion,Annual Prepaid,1873,22476,236
TXN_22237,20251116,ACC_1373,103,Contraction,Annual Prepaid,-1999,-23988,141
TXN_22238,20250306,ACC_1369,103,Renewal,Annual Prepaid,4999,59988,82
TXN_22239,20260513,ACC_1032,104,Expansion,Annual Prepaid,25000,300000,152
TXN_22240,20250710,ACC_1089,102,Contraction,Annual Prepaid,-599,-7188,91
TXN_22241,20250416,ACC_1008,103,New Business,Annual Prepaid,4999,59988,109
TXN_22242,20250222,ACC_1146,103,Expansion,Monthly Recurring,9998,119976,70
TXN_22243,20251227,ACC_1369,102,New Business,Monthly Recurring,1499,17988,38
TXN_22244,20260613,ACC_1243,103,New Business,Monthly Recurring,4999,59988,50
TXN_22245,20250422,ACC_1166,103,New Business,Monthly Recurring,4999,59988,65
TXN_22246,20261010,ACC_1353,101,Expansion,Annual Prepaid,748,8976,99
TXN_22247,20251226,ACC_1155,104,Expansion,Monthly Recurring,18750,225000,79
TXN_22248,20250714,ACC_1212,103,Churn,Annual Prepaid,-4999,-59988,13
TXN_22249,20260302,ACC_1309,101,Contraction,Annual Prepaid,-199,-2388,196
TXN_22250,20260320,ACC_1079,103,Renewal,Annual Prepaid,4999,59988,223
TXN_22251,20251110,ACC_1103,103,New Business,Monthly Recurring,4999,59988,86
TXN_22252,20260122,ACC_1132,103,New Business,Annual Prepaid,4999,59988,179
TXN_22253,20260325,ACC_1038,101,Expansion,Annual Prepaid,623,7476,140
TXN_22254,20251025,ACC_1050,104,New Business,Annual Prepaid,12500,150000,224
TXN_22255,20250215,ACC_1140,104,Expansion,Annual Prepaid,25000,300000,120
TXN_22256,20250930,ACC_1082,104,Expansion,Annual Prepaid,18750,225000,87
TXN_22257,20251113,ACC_1058,101,New Business,Annual Prepaid,499,5988,232
TXN_22258,20260801,ACC_1254,103,Churn,Annual Prepaid,-4999,-59988,208
TXN_22259,20250530,ACC_1095,101,Expansion,Annual Prepaid,998,11976,147
TXN_22260,20250419,ACC_1131,103,New Business,Monthly Recurring,4999,59988,43
TXN_22261,20250523,ACC_1120,104,Contraction,Annual Prepaid,-5000,-60000,9
TXN_22262,20251024,ACC_1231,102,Contraction,Annual Prepaid,-599,-7188,194
TXN_22263,20260301,ACC_1324,102,New Business,Annual Prepaid,1499,17988,113
TXN_22264,20251229,ACC_1280,103,Contraction,Annual Prepaid,-1999,-23988,16
TXN_22265,20260606,ACC_1341,103,Renewal,Annual Prepaid,4999,59988,63
TXN_22266,20260923,ACC_1308,102,Renewal,Annual Prepaid,1499,17988,193
TXN_22267,20260928,ACC_1251,104,Expansion,Monthly Recurring,15625,187500,214
TXN_22268,20260324,ACC_1113,101,Renewal,Annual Prepaid,499,5988,230
TXN_22269,20251208,ACC_1374,101,New Business,Annual Prepaid,499,5988,38
TXN_22270,20250601,ACC_1039,103,Renewal,Monthly Recurring,4999,59988,203
TXN_22271,20260422,ACC_1089,104,New Business,Monthly Recurring,12500,150000,78
TXN_22272,20260905,ACC_1032,103,New Business,Annual Prepaid,4999,59988,146
TXN_22273,20250927,ACC_1068,104,Expansion,Annual Prepaid,18750,225000,229
TXN_22274,20250330,ACC_1372,103,New Business,Annual Prepaid,4999,59988,160
TXN_22275,20251129,ACC_1250,103,New Business,Annual Prepaid,4999,59988,84
TXN_22276,20250426,ACC_1134,104,Expansion,Annual Prepaid,25000,300000,173
TXN_22277,20260107,ACC_1335,104,Renewal,Annual Prepaid,12500,150000,213
TXN_22278,20260523,ACC_1071,104,New Business,Annual Prepaid,12500,150000,40
TXN_22279,20251127,ACC_1220,103,Expansion,Monthly Recurring,9998,119976,230
TXN_22280,20250622,ACC_1308,103,Expansion,Monthly Recurring,6248,74976,161
TXN_22281,20250422,ACC_1151,101,Expansion,Annual Prepaid,998,11976,80
TXN_22282,20260206,ACC_1030,101,Expansion,Annual Prepaid,748,8976,25
TXN_22283,20261017,ACC_1385,101,Contraction,Annual Prepaid,-199,-2388,186
TXN_22284,20260720,ACC_1214,104,New Business,Annual Prepaid,12500,150000,237
TXN_22285,20250102,ACC_1251,103,Expansion,Monthly Recurring,7498,89976,247
TXN_22286,20260806,ACC_1244,102,Expansion,Monthly Recurring,1873,22476,117
TXN_22287,20260511,ACC_1228,103,New Business,Monthly Recurring,4999,59988,54
TXN_22288,20260303,ACC_1193,102,Renewal,Monthly Recurring,1499,17988,19
TXN_22289,20260616,ACC_1305,101,Churn,Annual Prepaid,-499,-5988,177
TXN_22290,20260505,ACC_1034,101,Expansion,Annual Prepaid,748,8976,28
TXN_22291,20251123,ACC_1216,103,Renewal,Monthly Recurring,4999,59988,243
TXN_22292,20250727,ACC_1012,101,New Business,Annual Prepaid,499,5988,200
TXN_22293,20260924,ACC_1262,102,Churn,Monthly Recurring,-1499,-17988,13
TXN_22294,20260721,ACC_1045,104,Renewal,Annual Prepaid,12500,150000,41
TXN_22295,20250313,ACC_1178,103,Renewal,Annual Prepaid,4999,59988,153
TXN_22296,20260109,ACC_1185,101,New Business,Annual Prepaid,499,5988,47
TXN_22297,20260507,ACC_1349,102,New Business,Annual Prepaid,1499,17988,51
TXN_22298,20250728,ACC_1085,102,New Business,Annual Prepaid,1499,17988,43
TXN_22299,20260217,ACC_1252,103,Contraction,Monthly Recurring,-1999,-23988,56
TXN_22300,20260626,ACC_1374,102,Expansion,Monthly Recurring,2248,26976,99
TXN_22301,20260118,ACC_1069,103,Expansion,Annual Prepaid,7498,89976,40
TXN_22302,20251231,ACC_1091,104,Expansion,Annual Prepaid,18750,225000,117
TXN_22303,20260810,ACC_1069,104,Renewal,Annual Prepaid,12500,150000,245
TXN_22304,20250116,ACC_1030,103,New Business,Annual Prepaid,4999,59988,205
TXN_22305,20250926,ACC_1107,103,Renewal,Monthly Recurring,4999,59988,77
TXN_22306,20250916,ACC_1197,103,New Business,Annual Prepaid,4999,59988,103
TXN_22307,20250805,ACC_1390,104,New Business,Annual Prepaid,12500,150000,90
TXN_22308,20260219,ACC_1216,103,New Business,Annual Prepaid,4999,59988,165
TXN_22309,20250405,ACC_1191,101,New Business,Annual Prepaid,499,5988,50
TXN_22310,20261107,ACC_1138,103,New Business,Annual Prepaid,4999,59988,20
TXN_22311,20250905,ACC_1018,104,Contraction,Monthly Recurring,-5000,-60000,5
TXN_22312,20260520,ACC_1190,101,Contraction,Annual Prepaid,-199,-2388,49
TXN_22313,20250428,ACC_1337,101,Churn,Annual Prepaid,-499,-5988,195
TXN_22314,20260915,ACC_1235,102,New Business,Annual Prepaid,1499,17988,78
TXN_22315,20251126,ACC_1252,102,Renewal,Annual Prepaid,1499,17988,177
TXN_22316,20260516,ACC_1079,104,New Business,Annual Prepaid,12500,150000,227
TXN_22317,20250821,ACC_1081,102,Expansion,Annual Prepaid,2998,35976,163
TXN_22318,20260115,ACC_1316,103,Contraction,Annual Prepaid,-1999,-23988,55
TXN_22319,20260524,ACC_1052,101,Renewal,Annual Prepaid,499,5988,209
TXN_22320,20250114,ACC_1219,101,Churn,Annual Prepaid,-499,-5988,191
TXN_22321,20260824,ACC_1337,103,Expansion,Annual Prepaid,6248,74976,222
TXN_22322,20260617,ACC_1351,101,Renewal,Monthly Recurring,499,5988,29
TXN_22323,20260128,ACC_1358,102,Renewal,Annual Prepaid,1499,17988,240
TXN_22324,20251128,ACC_1313,101,Expansion,Monthly Recurring,748,8976,219
TXN_22325,20250528,ACC_1359,101,Expansion,Monthly Recurring,998,11976,98
TXN_22326,20260331,ACC_1341,104,Expansion,Annual Prepaid,18750,225000,91
TXN_22327,20260523,ACC_1399,102,Renewal,Annual Prepaid,1499,17988,60
TXN_22328,20261019,ACC_1097,102,New Business,Annual Prepaid,1499,17988,166
TXN_22329,20250407,ACC_1112,103,New Business,Annual Prepaid,4999,59988,198
TXN_22330,20260521,ACC_1117,101,Renewal,Monthly Recurring,499,5988,71
TXN_22331,20250630,ACC_1084,102,New Business,Annual Prepaid,1499,17988,249
TXN_22332,20261003,ACC_1283,103,Expansion,Annual Prepaid,7498,89976,235
TXN_22333,20250121,ACC_1181,101,Expansion,Monthly Recurring,998,11976,214
TXN_22334,20250914,ACC_1116,101,Renewal,Annual Prepaid,499,5988,25
TXN_22335,20251031,ACC_1086,103,New Business,Monthly Recurring,4999,59988,53
TXN_22336,20260123,ACC_1196,104,Contraction,Monthly Recurring,-5000,-60000,101
TXN_22337,20251106,ACC_1201,101,Contraction,Monthly Recurring,-199,-2388,138
TXN_22338,20251006,ACC_1066,101,Expansion,Monthly Recurring,748,8976,175
TXN_22339,20260815,ACC_1051,104,Expansion,Annual Prepaid,25000,300000,159
TXN_22340,20251121,ACC_1399,104,New Business,Monthly Recurring,12500,150000,46
TXN_22341,20250827,ACC_1034,104,New Business,Annual Prepaid,12500,150000,9
TXN_22342,20251230,ACC_1372,104,New Business,Annual Prepaid,12500,150000,17
TXN_22343,20260827,ACC_1393,101,Renewal,Monthly Recurring,499,5988,233
TXN_22344,20250625,ACC_1152,104,Contraction,Annual Prepaid,-5000,-60000,112
TXN_22345,20251222,ACC_1329,101,Renewal,Monthly Recurring,499,5988,75
TXN_22346,20260607,ACC_1315,103,Expansion,Annual Prepaid,7498,89976,129
TXN_22347,20251216,ACC_1196,101,New Business,Annual Prepaid,499,5988,178
TXN_22348,20260729,ACC_1216,101,Churn,Annual Prepaid,-499,-5988,95
TXN_22349,20260107,ACC_1285,104,New Business,Monthly Recurring,12500,150000,27
TXN_22350,20250921,ACC_1231,102,New Business,Monthly Recurring,1499,17988,209
TXN_22351,20250410,ACC_1249,101,Renewal,Annual Prepaid,499,5988,56
TXN_22352,20250328,ACC_1166,103,Expansion,Monthly Recurring,9998,119976,169
TXN_22353,20250826,ACC_1303,102,New Business,Annual Prepaid,1499,17988,171
TXN_22354,20260910,ACC_1215,102,Renewal,Monthly Recurring,1499,17988,78
TXN_22355,20260603,ACC_1167,102,New Business,Annual Prepaid,1499,17988,50
TXN_22356,20250315,ACC_1018,101,New Business,Annual Prepaid,499,5988,106
TXN_22357,20260729,ACC_1335,103,Expansion,Monthly Recurring,9998,119976,103
TXN_22358,20260127,ACC_1134,102,Contraction,Annual Prepaid,-599,-7188,116
TXN_22359,20260408,ACC_1367,104,Churn,Monthly Recurring,-12500,-150000,28
TXN_22360,20250311,ACC_1168,102,Expansion,Monthly Recurring,2248,26976,193
TXN_22361,20260628,ACC_1257,101,Renewal,Monthly Recurring,499,5988,36
TXN_22362,20251006,ACC_1312,104,Expansion,Annual Prepaid,15625,187500,34
TXN_22363,20260724,ACC_1090,104,Expansion,Annual Prepaid,15625,187500,191
TXN_22364,20251203,ACC_1385,101,Expansion,Monthly Recurring,748,8976,190
TXN_22365,20261009,ACC_1169,104,New Business,Annual Prepaid,12500,150000,13
TXN_22366,20260517,ACC_1161,101,Churn,Annual Prepaid,-499,-5988,223
TXN_22367,20250602,ACC_1341,104,New Business,Annual Prepaid,12500,150000,21
TXN_22368,20260328,ACC_1149,104,Expansion,Annual Prepaid,25000,300000,30
TXN_22369,20260929,ACC_1024,103,Churn,Annual Prepaid,-4999,-59988,43
TXN_22370,20260111,ACC_1275,104,Renewal,Annual Prepaid,12500,150000,208
TXN_22371,20251031,ACC_1149,103,New Business,Annual Prepaid,4999,59988,22
TXN_22372,20250217,ACC_1108,103,Contraction,Annual Prepaid,-1999,-23988,219
TXN_22373,20250328,ACC_1290,102,Renewal,Annual Prepaid,1499,17988,194
TXN_22374,20260526,ACC_1388,102,New Business,Annual Prepaid,1499,17988,188
TXN_22375,20251001,ACC_1175,104,Expansion,Monthly Recurring,25000,300000,164
TXN_22376,20251121,ACC_1007,101,Expansion,Annual Prepaid,748,8976,163
TXN_22377,20251015,ACC_1202,102,Contraction,Annual Prepaid,-599,-7188,129
TXN_22378,20251227,ACC_1126,104,Expansion,Annual Prepaid,25000,300000,176
TXN_22379,20251031,ACC_1104,101,New Business,Annual Prepaid,499,5988,148
TXN_22380,20260530,ACC_1110,103,Renewal,Monthly Recurring,4999,59988,137
TXN_22381,20250307,ACC_1138,104,Renewal,Annual Prepaid,12500,150000,73
TXN_22382,20250706,ACC_1155,103,Expansion,Annual Prepaid,6248,74976,99
TXN_22383,20260719,ACC_1108,104,Expansion,Annual Prepaid,18750,225000,118
TXN_22384,20250628,ACC_1095,103,Expansion,Annual Prepaid,9998,119976,198
TXN_22385,20261031,ACC_1198,101,Contraction,Monthly Recurring,-199,-2388,224
TXN_22386,20251003,ACC_1253,103,New Business,Annual Prepaid,4999,59988,89
TXN_22387,20250107,ACC_1061,104,Churn,Annual Prepaid,-12500,-150000,235
TXN_22388,20260609,ACC_1133,103,New Business,Annual Prepaid,4999,59988,11
TXN_22389,20250819,ACC_1360,102,Contraction,Annual Prepaid,-599,-7188,26
TXN_22390,20260203,ACC_1156,102,Contraction,Annual Prepaid,-599,-7188,172
TXN_22391,20260427,ACC_1377,101,Expansion,Monthly Recurring,623,7476,81
TXN_22392,20250726,ACC_1171,101,New Business,Annual Prepaid,499,5988,52
TXN_22393,20260211,ACC_1137,101,Expansion,Monthly Recurring,998,11976,134
TXN_22394,20250116,ACC_1398,102,Expansion,Monthly Recurring,2998,35976,240
TXN_22395,20260523,ACC_1203,102,New Business,Annual Prepaid,1499,17988,99
TXN_22396,20250610,ACC_1342,103,New Business,Annual Prepaid,4999,59988,133
TXN_22397,20260308,ACC_1015,101,Contraction,Annual Prepaid,-199,-2388,16
TXN_22398,20250713,ACC_1067,102,Expansion,Annual Prepaid,2998,35976,121
TXN_22399,20250725,ACC_1039,104,Renewal,Monthly Recurring,12500,150000,164
TXN_22400,20250906,ACC_1043,104,Churn,Annual Prepaid,-12500,-150000,67
TXN_22401,20250518,ACC_1367,104,New Business,Monthly Recurring,12500,150000,50
TXN_22402,20251219,ACC_1311,102,Renewal,Annual Prepaid,1499,17988,159
TXN_22403,20260329,ACC_1166,102,Churn,Annual Prepaid,-1499,-17988,231
TXN_22404,20260530,ACC_1073,103,Contraction,Monthly Recurring,-1999,-23988,234
TXN_22405,20260919,ACC_1391,101,Churn,Annual Prepaid,-499,-5988,13
TXN_22406,20260823,ACC_1227,103,Contraction,Annual Prepaid,-1999,-23988,108
TXN_22407,20260505,ACC_1329,101,Renewal,Annual Prepaid,499,5988,21
TXN_22408,20250915,ACC_1119,102,New Business,Monthly Recurring,1499,17988,96
TXN_22409,20260719,ACC_1161,101,Expansion,Monthly Recurring,748,8976,234
TXN_22410,20260110,ACC_1262,103,New Business,Monthly Recurring,4999,59988,185
TXN_22411,20250205,ACC_1197,101,New Business,Annual Prepaid,499,5988,100
TXN_22412,20250914,ACC_1277,102,New Business,Annual Prepaid,1499,17988,198
TXN_22413,20251019,ACC_1307,103,Renewal,Monthly Recurring,4999,59988,247
TXN_22414,20260720,ACC_1341,102,New Business,Monthly Recurring,1499,17988,43
TXN_22415,20251126,ACC_1263,102,Churn,Annual Prepaid,-1499,-17988,223
TXN_22416,20250901,ACC_1394,102,Renewal,Annual Prepaid,1499,17988,10
TXN_22417,20260907,ACC_1021,102,New Business,Annual Prepaid,1499,17988,103
TXN_22418,20261026,ACC_1318,103,Churn,Annual Prepaid,-4999,-59988,166
TXN_22419,20260801,ACC_1022,104,New Business,Annual Prepaid,12500,150000,127
TXN_22420,20250605,ACC_1038,103,New Business,Annual Prepaid,4999,59988,69
TXN_22421,20260129,ACC_1067,101,Expansion,Monthly Recurring,748,8976,153
TXN_22422,20251116,ACC_1131,101,New Business,Annual Prepaid,499,5988,21
TXN_22423,20260617,ACC_1329,104,Renewal,Monthly Recurring,12500,150000,115
TXN_22424,20250713,ACC_1246,103,New Business,Annual Prepaid,4999,59988,214
TXN_22425,20260105,ACC_1342,102,Expansion,Monthly Recurring,1873,22476,18
TXN_22426,20250929,ACC_1302,101,Expansion,Monthly Recurring,748,8976,221
TXN_22427,20260722,ACC_1294,102,New Business,Annual Prepaid,1499,17988,124
TXN_22428,20260812,ACC_1048,101,Renewal,Annual Prepaid,499,5988,222
TXN_22429,20260118,ACC_1383,103,Expansion,Monthly Recurring,6248,74976,119
TXN_22430,20250509,ACC_1314,101,New Business,Monthly Recurring,499,5988,37
TXN_22431,20250513,ACC_1119,104,New Business,Annual Prepaid,12500,150000,138
TXN_22432,20260531,ACC_1177,102,Expansion,Monthly Recurring,2248,26976,169
TXN_22433,20261010,ACC_1128,101,Renewal,Annual Prepaid,499,5988,241
TXN_22434,20250322,ACC_1093,101,Renewal,Annual Prepaid,499,5988,241
TXN_22435,20251103,ACC_1137,102,Contraction,Annual Prepaid,-599,-7188,35
TXN_22436,20260722,ACC_1007,102,Expansion,Annual Prepaid,1873,22476,242
TXN_22437,20260528,ACC_1050,102,Renewal,Annual Prepaid,1499,17988,42
TXN_22438,20251204,ACC_1190,103,New Business,Annual Prepaid,4999,59988,188
TXN_22439,20251112,ACC_1067,101,Expansion,Annual Prepaid,623,7476,93
TXN_22440,20250425,ACC_1041,104,New Business,Annual Prepaid,12500,150000,186
TXN_22441,20251120,ACC_1345,101,New Business,Monthly Recurring,499,5988,42
TXN_22442,20250315,ACC_1017,102,Churn,Monthly Recurring,-1499,-17988,20
TXN_22443,20260531,ACC_1014,104,Contraction,Monthly Recurring,-5000,-60000,60
TXN_22444,20260120,ACC_1006,101,New Business,Annual Prepaid,499,5988,195
TXN_22445,20260907,ACC_1313,103,Renewal,Annual Prepaid,4999,59988,162
TXN_22446,20260101,ACC_1224,101,Expansion,Annual Prepaid,998,11976,221
TXN_22447,20260809,ACC_1396,101,Expansion,Annual Prepaid,998,11976,184
TXN_22448,20250110,ACC_1093,104,New Business,Annual Prepaid,12500,150000,70
TXN_22449,20260622,ACC_1305,104,Expansion,Monthly Recurring,18750,225000,99
TXN_22450,20260610,ACC_1244,103,New Business,Monthly Recurring,4999,59988,156
TXN_22451,20250220,ACC_1075,104,Expansion,Monthly Recurring,18750,225000,40
TXN_22452,20250917,ACC_1374,104,New Business,Annual Prepaid,12500,150000,10
TXN_22453,20250409,ACC_1185,102,New Business,Monthly Recurring,1499,17988,206
TXN_22454,20260505,ACC_1122,101,Churn,Annual Prepaid,-499,-5988,222
TXN_22455,20261021,ACC_1015,101,Expansion,Monthly Recurring,623,7476,52
TXN_22456,20260304,ACC_1015,103,Expansion,Monthly Recurring,7498,89976,196
TXN_22457,20251105,ACC_1041,104,New Business,Annual Prepaid,12500,150000,26
TXN_22458,20260626,ACC_1106,103,Expansion,Annual Prepaid,7498,89976,83
TXN_22459,20250315,ACC_1389,103,Expansion,Monthly Recurring,6248,74976,86
TXN_22460,20260529,ACC_1025,104,Churn,Annual Prepaid,-12500,-150000,91
TXN_22461,20260829,ACC_1224,104,Renewal,Annual Prepaid,12500,150000,91
TXN_22462,20251209,ACC_1082,102,New Business,Annual Prepaid,1499,17988,179
TXN_22463,20260126,ACC_1338,102,Churn,Annual Prepaid,-1499,-17988,5
TXN_22464,20260227,ACC_1063,104,Expansion,Annual Prepaid,25000,300000,125
TXN_22465,20250610,ACC_1024,101,Renewal,Monthly Recurring,499,5988,118
TXN_22466,20250618,ACC_1160,103,Renewal,Annual Prepaid,4999,59988,246
TXN_22467,20250701,ACC_1375,103,Contraction,Annual Prepaid,-1999,-23988,102
TXN_22468,20251015,ACC_1199,103,New Business,Monthly Recurring,4999,59988,140
TXN_22469,20260208,ACC_1218,102,Expansion,Annual Prepaid,2998,35976,19
TXN_22470,20260508,ACC_1226,104,Renewal,Monthly Recurring,12500,150000,223
TXN_22471,20251207,ACC_1277,101,Expansion,Annual Prepaid,623,7476,227
TXN_22472,20260510,ACC_1190,104,Renewal,Annual Prepaid,12500,150000,238
TXN_22473,20260715,ACC_1121,104,New Business,Annual Prepaid,12500,150000,69
TXN_22474,20250306,ACC_1028,104,Churn,Annual Prepaid,-12500,-150000,175
TXN_22475,20260301,ACC_1305,101,Renewal,Monthly Recurring,499,5988,193
TXN_22476,20260329,ACC_1012,103,Renewal,Annual Prepaid,4999,59988,38
TXN_22477,20250429,ACC_1048,101,Expansion,Annual Prepaid,623,7476,246
TXN_22478,20260708,ACC_1036,103,New Business,Annual Prepaid,4999,59988,111
TXN_22479,20251205,ACC_1039,101,New Business,Monthly Recurring,499,5988,40
TXN_22480,20251026,ACC_1126,103,Expansion,Annual Prepaid,7498,89976,53
TXN_22481,20250419,ACC_1146,101,Expansion,Annual Prepaid,623,7476,225
TXN_22482,20261108,ACC_1315,102,Renewal,Annual Prepaid,1499,17988,219
TXN_22483,20260331,ACC_1126,103,Renewal,Annual Prepaid,4999,59988,152
TXN_22484,20250830,ACC_1245,102,New Business,Annual Prepaid,1499,17988,233
TXN_22485,20250728,ACC_1066,104,Expansion,Annual Prepaid,25000,300000,222
TXN_22486,20250817,ACC_1220,101,Renewal,Annual Prepaid,499,5988,182
TXN_22487,20260226,ACC_1020,102,Renewal,Annual Prepaid,1499,17988,193
TXN_22488,20261107,ACC_1178,104,Expansion,Annual Prepaid,18750,225000,66
TXN_22489,20260826,ACC_1242,102,New Business,Monthly Recurring,1499,17988,188
TXN_22490,20250717,ACC_1342,103,New Business,Annual Prepaid,4999,59988,5
TXN_22491,20250731,ACC_1211,103,Expansion,Monthly Recurring,9998,119976,191
TXN_22492,20260707,ACC_1061,101,Contraction,Annual Prepaid,-199,-2388,136
TXN_22493,20260401,ACC_1297,103,Expansion,Monthly Recurring,9998,119976,235
TXN_22494,20251019,ACC_1022,102,New Business,Annual Prepaid,1499,17988,71
TXN_22495,20250126,ACC_1376,102,Expansion,Annual Prepaid,1873,22476,134
TXN_22496,20260722,ACC_1243,104,New Business,Annual Prepaid,12500,150000,54
TXN_22497,20260320,ACC_1340,101,Expansion,Monthly Recurring,998,11976,239
TXN_22498,20250915,ACC_1204,104,Renewal,Annual Prepaid,12500,150000,187
TXN_22499,20261109,ACC_1350,103,Expansion,Annual Prepaid,6248,74976,174
TXN_22500,20250906,ACC_1280,103,Churn,Annual Prepaid,-4999,-59988,195
TXN_22501,20251202,ACC_1139,102,Renewal,Monthly Recurring,1499,17988,187
TXN_22502,20251113,ACC_1183,104,Contraction,Monthly Recurring,-5000,-60000,87
TXN_22503,20250429,ACC_1251,101,New Business,Annual Prepaid,499,5988,179
TXN_22504,20260329,ACC_1030,103,New Business,Annual Prepaid,4999,59988,78
TXN_22505,20250326,ACC_1219,104,Expansion,Annual Prepaid,15625,187500,177
TXN_22506,20250702,ACC_1335,104,New Business,Annual Prepaid,12500,150000,128
TXN_22507,20251020,ACC_1288,102,New Business,Monthly Recurring,1499,17988,201
TXN_22508,20250120,ACC_1025,101,Renewal,Monthly Recurring,499,5988,192
TXN_22509,20250126,ACC_1201,101,New Business,Annual Prepaid,499,5988,143
TXN_22510,20250324,ACC_1381,103,New Business,Monthly Recurring,4999,59988,193
TXN_22511,20261030,ACC_1087,101,Renewal,Annual Prepaid,499,5988,34
TXN_22512,20261017,ACC_1186,102,New Business,Annual Prepaid,1499,17988,146
TXN_22513,20260807,ACC_1185,103,Renewal,Annual Prepaid,4999,59988,99
TXN_22514,20250604,ACC_1157,101,Expansion,Annual Prepaid,998,11976,183
TXN_22515,20250629,ACC_1240,101,Expansion,Annual Prepaid,748,8976,100
TXN_22516,20260122,ACC_1197,104,Renewal,Monthly Recurring,12500,150000,175
TXN_22517,20260524,ACC_1072,103,Renewal,Annual Prepaid,4999,59988,150
TXN_22518,20250217,ACC_1082,101,New Business,Monthly Recurring,499,5988,124
TXN_22519,20250103,ACC_1316,101,New Business,Annual Prepaid,499,5988,104
TXN_22520,20261019,ACC_1260,102,Expansion,Monthly Recurring,1873,22476,146
TXN_22521,20250511,ACC_1278,104,New Business,Annual Prepaid,12500,150000,12
TXN_22522,20260217,ACC_1086,101,Renewal,Annual Prepaid,499,5988,197
TXN_22523,20260320,ACC_1021,103,Contraction,Monthly Recurring,-1999,-23988,158
TXN_22524,20260702,ACC_1265,104,Renewal,Annual Prepaid,12500,150000,77
TXN_22525,20250818,ACC_1150,101,Expansion,Annual Prepaid,998,11976,111
TXN_22526,20251026,ACC_1096,101,New Business,Monthly Recurring,499,5988,226
TXN_22527,20250819,ACC_1223,101,Renewal,Monthly Recurring,499,5988,77
TXN_22528,20260831,ACC_1042,102,New Business,Monthly Recurring,1499,17988,117
TXN_22529,20260411,ACC_1077,103,Renewal,Annual Prepaid,4999,59988,68
TXN_22530,20250610,ACC_1160,104,New Business,Monthly Recurring,12500,150000,150
TXN_22531,20251104,ACC_1163,104,Renewal,Annual Prepaid,12500,150000,199
TXN_22532,20260506,ACC_1167,104,Expansion,Monthly Recurring,15625,187500,202
TXN_22533,20260924,ACC_1189,103,Renewal,Annual Prepaid,4999,59988,185
TXN_22534,20260317,ACC_1162,104,Expansion,Monthly Recurring,15625,187500,134
TXN_22535,20250420,ACC_1012,103,New Business,Monthly Recurring,4999,59988,249
TXN_22536,20260714,ACC_1250,102,Renewal,Annual Prepaid,1499,17988,147
TXN_22537,20250201,ACC_1134,103,Expansion,Annual Prepaid,9998,119976,114
TXN_22538,20250906,ACC_1271,104,Renewal,Annual Prepaid,12500,150000,232
TXN_22539,20260807,ACC_1073,103,New Business,Monthly Recurring,4999,59988,119
TXN_22540,20260910,ACC_1275,101,New Business,Monthly Recurring,499,5988,78
TXN_22541,20250212,ACC_1254,102,Renewal,Annual Prepaid,1499,17988,236
TXN_22542,20260730,ACC_1219,103,Expansion,Annual Prepaid,7498,89976,139
TXN_22543,20251228,ACC_1202,103,Expansion,Annual Prepaid,7498,89976,55
TXN_22544,20251212,ACC_1285,101,Expansion,Annual Prepaid,623,7476,73
TXN_22545,20260317,ACC_1004,104,Contraction,Annual Prepaid,-5000,-60000,121
TXN_22546,20251118,ACC_1195,102,Renewal,Annual Prepaid,1499,17988,28
TXN_22547,20250415,ACC_1355,103,Expansion,Monthly Recurring,9998,119976,119
TXN_22548,20250823,ACC_1015,104,Churn,Annual Prepaid,-12500,-150000,11
TXN_22549,20260724,ACC_1006,102,Expansion,Monthly Recurring,1873,22476,46
TXN_22550,20251201,ACC_1350,104,New Business,Annual Prepaid,12500,150000,115
TXN_22551,20251121,ACC_1353,104,Renewal,Annual Prepaid,12500,150000,149
TXN_22552,20260127,ACC_1308,102,Contraction,Annual Prepaid,-599,-7188,5
TXN_22553,20260804,ACC_1285,104,Expansion,Annual Prepaid,15625,187500,184
TXN_22554,20250509,ACC_1344,103,Expansion,Annual Prepaid,9998,119976,230
TXN_22555,20251012,ACC_1071,101,Expansion,Annual Prepaid,748,8976,111
TXN_22556,20261025,ACC_1246,102,Contraction,Annual Prepaid,-599,-7188,124
TXN_22557,20261025,ACC_1218,102,Contraction,Annual Prepaid,-599,-7188,25
TXN_22558,20260323,ACC_1257,103,Renewal,Monthly Recurring,4999,59988,87
TXN_22559,20251231,ACC_1306,104,Expansion,Annual Prepaid,15625,187500,122
TXN_22560,20261003,ACC_1263,101,New Business,Annual Prepaid,499,5988,31
TXN_22561,20250407,ACC_1199,104,Expansion,Annual Prepaid,15625,187500,105
TXN_22562,20250908,ACC_1186,104,New Business,Annual Prepaid,12500,150000,106
TXN_22563,20250427,ACC_1123,102,Expansion,Annual Prepaid,1873,22476,35
TXN_22564,20250714,ACC_1164,101,Expansion,Monthly Recurring,998,11976,211
TXN_22565,20260129,ACC_1052,101,New Business,Annual Prepaid,499,5988,27
TXN_22566,20260707,ACC_1145,102,Expansion,Annual Prepaid,2998,35976,190
TXN_22567,20250531,ACC_1214,102,Renewal,Monthly Recurring,1499,17988,215
TXN_22568,20260710,ACC_1118,101,Expansion,Annual Prepaid,998,11976,210
TXN_22569,20260726,ACC_1274,103,New Business,Annual Prepaid,4999,59988,53
TXN_22570,20250628,ACC_1271,103,Expansion,Monthly Recurring,6248,74976,139
TXN_22571,20250130,ACC_1309,103,New Business,Annual Prepaid,4999,59988,243
TXN_22572,20250417,ACC_1007,104,New Business,Annual Prepaid,12500,150000,227
TXN_22573,20260423,ACC_1358,103,New Business,Annual Prepaid,4999,59988,150
TXN_22574,20260622,ACC_1061,104,Churn,Annual Prepaid,-12500,-150000,44
TXN_22575,20260617,ACC_1344,104,Expansion,Monthly Recurring,25000,300000,159
TXN_22576,20261104,ACC_1027,101,Expansion,Monthly Recurring,748,8976,47
TXN_22577,20250317,ACC_1287,101,Expansion,Annual Prepaid,623,7476,246
TXN_22578,20260101,ACC_1336,104,Expansion,Monthly Recurring,15625,187500,205
TXN_22579,20250721,ACC_1386,101,New Business,Annual Prepaid,499,5988,198
TXN_22580,20250417,ACC_1088,102,Renewal,Annual Prepaid,1499,17988,246
TXN_22581,20260927,ACC_1311,104,Churn,Annual Prepaid,-12500,-150000,182
TXN_22582,20260129,ACC_1065,104,Expansion,Monthly Recurring,15625,187500,91
TXN_22583,20261011,ACC_1206,103,New Business,Monthly Recurring,4999,59988,137
TXN_22584,20260825,ACC_1025,104,Renewal,Monthly Recurring,12500,150000,218
TXN_22585,20261011,ACC_1180,101,Expansion,Annual Prepaid,748,8976,205
TXN_22586,20250301,ACC_1318,102,Expansion,Annual Prepaid,2998,35976,42
TXN_22587,20260517,ACC_1134,103,Renewal,Monthly Recurring,4999,59988,57
TXN_22588,20260712,ACC_1062,103,Expansion,Annual Prepaid,9998,119976,51
TXN_22589,20250330,ACC_1347,104,Renewal,Monthly Recurring,12500,150000,123
TXN_22590,20251208,ACC_1223,104,New Business,Annual Prepaid,12500,150000,137
TXN_22591,20260713,ACC_1381,102,New Business,Monthly Recurring,1499,17988,157
TXN_22592,20250220,ACC_1102,104,New Business,Annual Prepaid,12500,150000,128
TXN_22593,20250311,ACC_1077,104,New Business,Monthly Recurring,12500,150000,25
TXN_22594,20250515,ACC_1108,104,Expansion,Annual Prepaid,18750,225000,181
TXN_22595,20251227,ACC_1298,103,New Business,Annual Prepaid,4999,59988,185
TXN_22596,20250526,ACC_1104,104,Renewal,Annual Prepaid,12500,150000,6
TXN_22597,20250103,ACC_1119,103,Expansion,Annual Prepaid,7498,89976,115
TXN_22598,20260422,ACC_1177,101,New Business,Monthly Recurring,499,5988,224
TXN_22599,20260731,ACC_1173,104,Renewal,Annual Prepaid,12500,150000,8
TXN_22600,20250120,ACC_1131,101,Renewal,Annual Prepaid,499,5988,236
TXN_22601,20260211,ACC_1382,101,New Business,Monthly Recurring,499,5988,189
TXN_22602,20261106,ACC_1313,103,New Business,Monthly Recurring,4999,59988,95
TXN_22603,20250202,ACC_1246,102,New Business,Annual Prepaid,1499,17988,38
TXN_22604,20261107,ACC_1019,104,New Business,Annual Prepaid,12500,150000,164
TXN_22605,20260802,ACC_1137,103,Expansion,Annual Prepaid,7498,89976,194
TXN_22606,20260418,ACC_1278,104,Renewal,Annual Prepaid,12500,150000,140
TXN_22607,20260531,ACC_1143,104,Renewal,Annual Prepaid,12500,150000,240
TXN_22608,20251002,ACC_1277,101,Renewal,Monthly Recurring,499,5988,90
TXN_22609,20250131,ACC_1063,104,Churn,Monthly Recurring,-12500,-150000,111
TXN_22610,20261013,ACC_1359,102,Renewal,Annual Prepaid,1499,17988,48
TXN_22611,20260721,ACC_1082,104,Contraction,Annual Prepaid,-5000,-60000,133
TXN_22612,20250517,ACC_1256,102,New Business,Annual Prepaid,1499,17988,149
TXN_22613,20250526,ACC_1355,104,Expansion,Monthly Recurring,25000,300000,91
TXN_22614,20260626,ACC_1331,104,Churn,Monthly Recurring,-12500,-150000,137
TXN_22615,20250330,ACC_1076,103,New Business,Annual Prepaid,4999,59988,174
TXN_22616,20260727,ACC_1128,102,New Business,Annual Prepaid,1499,17988,127
TXN_22617,20250324,ACC_1067,102,New Business,Annual Prepaid,1499,17988,115
TXN_22618,20250710,ACC_1060,103,New Business,Annual Prepaid,4999,59988,156
TXN_22619,20261020,ACC_1384,101,Expansion,Annual Prepaid,998,11976,175
TXN_22620,20260520,ACC_1028,104,Renewal,Monthly Recurring,12500,150000,190
TXN_22621,20250203,ACC_1228,101,Expansion,Annual Prepaid,748,8976,98
TXN_22622,20250907,ACC_1328,104,Expansion,Monthly Recurring,25000,300000,147
TXN_22623,20260202,ACC_1334,104,Renewal,Annual Prepaid,12500,150000,97
TXN_22624,20260211,ACC_1380,102,Expansion,Annual Prepaid,2248,26976,209
TXN_22625,20250708,ACC_1091,104,Renewal,Monthly Recurring,12500,150000,109
TXN_22626,20260803,ACC_1168,104,New Business,Annual Prepaid,12500,150000,88
TXN_22627,20250509,ACC_1207,101,Renewal,Annual Prepaid,499,5988,39
TXN_22628,20260104,ACC_1307,103,Contraction,Annual Prepaid,-1999,-23988,97
TXN_22629,20260308,ACC_1131,102,Expansion,Annual Prepaid,2248,26976,205
TXN_22630,20260903,ACC_1142,104,Renewal,Monthly Recurring,12500,150000,75
TXN_22631,20260713,ACC_1355,102,Contraction,Annual Prepaid,-599,-7188,235
TXN_22632,20250601,ACC_1308,102,Contraction,Monthly Recurring,-599,-7188,155
TXN_22633,20250313,ACC_1021,102,Expansion,Annual Prepaid,2248,26976,73
TXN_22634,20260119,ACC_1225,102,Renewal,Annual Prepaid,1499,17988,76
TXN_22635,20250718,ACC_1103,101,New Business,Monthly Recurring,499,5988,159
TXN_22636,20260527,ACC_1079,104,Renewal,Annual Prepaid,12500,150000,91
TXN_22637,20260428,ACC_1304,101,Contraction,Annual Prepaid,-199,-2388,105
TXN_22638,20260513,ACC_1017,103,New Business,Annual Prepaid,4999,59988,138
TXN_22639,20251120,ACC_1248,102,Contraction,Monthly Recurring,-599,-7188,188
TXN_22640,20250902,ACC_1360,103,New Business,Monthly Recurring,4999,59988,115
TXN_22641,20250416,ACC_1186,103,New Business,Annual Prepaid,4999,59988,226
TXN_22642,20260524,ACC_1119,103,Renewal,Monthly Recurring,4999,59988,130
TXN_22643,20250612,ACC_1157,104,Expansion,Annual Prepaid,25000,300000,73
TXN_22644,20260618,ACC_1044,102,New Business,Annual Prepaid,1499,17988,172
TXN_22645,20250809,ACC_1154,101,Expansion,Annual Prepaid,748,8976,7
TXN_22646,20250722,ACC_1220,102,Churn,Annual Prepaid,-1499,-17988,196
TXN_22647,20250901,ACC_1172,101,Expansion,Annual Prepaid,998,11976,135
TXN_22648,20260116,ACC_1195,101,Expansion,Annual Prepaid,623,7476,195
TXN_22649,20251002,ACC_1257,103,Expansion,Monthly Recurring,7498,89976,59
TXN_22650,20260623,ACC_1014,101,New Business,Annual Prepaid,499,5988,45
TXN_22651,20250830,ACC_1304,104,New Business,Annual Prepaid,12500,150000,184
TXN_22652,20260205,ACC_1297,103,Contraction,Annual Prepaid,-1999,-23988,89
TXN_22653,20250605,ACC_1200,102,Renewal,Annual Prepaid,1499,17988,229
TXN_22654,20260131,ACC_1068,104,Renewal,Annual Prepaid,12500,150000,88
TXN_22655,20260626,ACC_1134,101,Expansion,Annual Prepaid,623,7476,38
TXN_22656,20260217,ACC_1168,104,New Business,Annual Prepaid,12500,150000,80
TXN_22657,20251029,ACC_1223,101,New Business,Annual Prepaid,499,5988,21
TXN_22658,20250819,ACC_1066,104,New Business,Annual Prepaid,12500,150000,116
TXN_22659,20260126,ACC_1272,101,New Business,Monthly Recurring,499,5988,76
TXN_22660,20250323,ACC_1215,104,Expansion,Monthly Recurring,18750,225000,19
TXN_22661,20260424,ACC_1220,103,New Business,Annual Prepaid,4999,59988,12
TXN_22662,20250814,ACC_1110,103,New Business,Monthly Recurring,4999,59988,35
TXN_22663,20250923,ACC_1102,103,Renewal,Monthly Recurring,4999,59988,34
TXN_22664,20260628,ACC_1350,104,Renewal,Annual Prepaid,12500,150000,92
TXN_22665,20260404,ACC_1063,102,Contraction,Annual Prepaid,-599,-7188,168
TXN_22666,20260925,ACC_1124,101,Contraction,Annual Prepaid,-199,-2388,137
TXN_22667,20250516,ACC_1148,102,Renewal,Monthly Recurring,1499,17988,28
TXN_22668,20260222,ACC_1079,103,Renewal,Annual Prepaid,4999,59988,236
TXN_22669,20250725,ACC_1259,104,Renewal,Annual Prepaid,12500,150000,129
TXN_22670,20260815,ACC_1369,103,Renewal,Annual Prepaid,4999,59988,14
TXN_22671,20260821,ACC_1313,101,New Business,Monthly Recurring,499,5988,116
TXN_22672,20260531,ACC_1175,102,Renewal,Annual Prepaid,1499,17988,225
TXN_22673,20250910,ACC_1171,102,Expansion,Annual Prepaid,1873,22476,8
TXN_22674,20250831,ACC_1065,102,New Business,Annual Prepaid,1499,17988,189
TXN_22675,20260708,ACC_1045,102,Expansion,Annual Prepaid,1873,22476,222
TXN_22676,20250308,ACC_1228,102,New Business,Annual Prepaid,1499,17988,103
TXN_22677,20260814,ACC_1306,104,Churn,Annual Prepaid,-12500,-150000,151
TXN_22678,20260422,ACC_1106,101,New Business,Monthly Recurring,499,5988,60
TXN_22679,20260602,ACC_1112,101,Contraction,Annual Prepaid,-199,-2388,207
TXN_22680,20250108,ACC_1329,102,New Business,Monthly Recurring,1499,17988,108
TXN_22681,20250218,ACC_1195,101,Expansion,Annual Prepaid,748,8976,70
TXN_22682,20251203,ACC_1347,103,Contraction,Annual Prepaid,-1999,-23988,125
TXN_22683,20260722,ACC_1254,104,New Business,Annual Prepaid,12500,150000,118
TXN_22684,20250102,ACC_1357,101,Expansion,Annual Prepaid,623,7476,116
TXN_22685,20260305,ACC_1230,102,Renewal,Annual Prepaid,1499,17988,190
TXN_22686,20251001,ACC_1036,102,New Business,Monthly Recurring,1499,17988,190
TXN_22687,20250717,ACC_1015,101,Contraction,Annual Prepaid,-199,-2388,169
TXN_22688,20250305,ACC_1305,104,Expansion,Annual Prepaid,18750,225000,176
TXN_22689,20260320,ACC_1017,103,Contraction,Annual Prepaid,-1999,-23988,223
TXN_22690,20251217,ACC_1320,101,Renewal,Annual Prepaid,499,5988,106
TXN_22691,20260615,ACC_1161,104,New Business,Annual Prepaid,12500,150000,149
TXN_22692,20250112,ACC_1050,104,New Business,Monthly Recurring,12500,150000,19
TXN_22693,20250907,ACC_1028,104,Renewal,Annual Prepaid,12500,150000,102
TXN_22694,20251027,ACC_1303,101,Contraction,Annual Prepaid,-199,-2388,128
TXN_22695,20250407,ACC_1282,102,Renewal,Annual Prepaid,1499,17988,10
TXN_22696,20250908,ACC_1293,102,Renewal,Monthly Recurring,1499,17988,222
TXN_22697,20250307,ACC_1169,103,New Business,Annual Prepaid,4999,59988,63
TXN_22698,20261015,ACC_1219,102,Renewal,Annual Prepaid,1499,17988,222
TXN_22699,20260210,ACC_1015,102,New Business,Annual Prepaid,1499,17988,211
TXN_22700,20250420,ACC_1077,104,Expansion,Annual Prepaid,15625,187500,172
TXN_22701,20250314,ACC_1370,102,Contraction,Annual Prepaid,-599,-7188,214
TXN_22702,20250717,ACC_1298,101,Contraction,Annual Prepaid,-199,-2388,140
TXN_22703,20251130,ACC_1248,103,Expansion,Monthly Recurring,9998,119976,185
TXN_22704,20260227,ACC_1044,104,New Business,Annual Prepaid,12500,150000,81
TXN_22705,20260923,ACC_1207,102,Renewal,Annual Prepaid,1499,17988,236
TXN_22706,20260701,ACC_1148,101,New Business,Annual Prepaid,499,5988,103
TXN_22707,20260212,ACC_1239,102,New Business,Annual Prepaid,1499,17988,230
TXN_22708,20261105,ACC_1140,104,New Business,Annual Prepaid,12500,150000,178
TXN_22709,20250602,ACC_1331,101,Churn,Annual Prepaid,-499,-5988,28
TXN_22710,20250605,ACC_1065,101,New Business,Annual Prepaid,499,5988,10
TXN_22711,20260830,ACC_1322,103,Renewal,Annual Prepaid,4999,59988,246
TXN_22712,20260423,ACC_1326,102,Expansion,Annual Prepaid,2998,35976,151
TXN_22713,20250312,ACC_1246,104,Expansion,Annual Prepaid,18750,225000,67
TXN_22714,20260824,ACC_1297,101,Contraction,Annual Prepaid,-199,-2388,138
TXN_22715,20250508,ACC_1082,104,Expansion,Annual Prepaid,25000,300000,109
TXN_22716,20260914,ACC_1360,103,New Business,Monthly Recurring,4999,59988,166
TXN_22717,20260227,ACC_1254,103,Renewal,Annual Prepaid,4999,59988,214
TXN_22718,20250805,ACC_1036,103,New Business,Annual Prepaid,4999,59988,102
TXN_22719,20260730,ACC_1019,101,New Business,Annual Prepaid,499,5988,84
TXN_22720,20260606,ACC_1051,102,New Business,Annual Prepaid,1499,17988,171
TXN_22721,20260207,ACC_1100,103,Renewal,Annual Prepaid,4999,59988,23
TXN_22722,20250330,ACC_1332,102,Contraction,Annual Prepaid,-599,-7188,46
TXN_22723,20250322,ACC_1373,103,New Business,Annual Prepaid,4999,59988,115
TXN_22724,20260521,ACC_1277,102,New Business,Annual Prepaid,1499,17988,54
TXN_22725,20250629,ACC_1208,102,Contraction,Annual Prepaid,-599,-7188,91
TXN_22726,20250225,ACC_1385,103,Contraction,Annual Prepaid,-1999,-23988,96
TXN_22727,20251010,ACC_1082,101,New Business,Annual Prepaid,499,5988,164
TXN_22728,20250605,ACC_1316,101,Expansion,Annual Prepaid,748,8976,89
TXN_22729,20260923,ACC_1342,101,Expansion,Monthly Recurring,998,11976,11
TXN_22730,20250316,ACC_1184,104,Churn,Annual Prepaid,-12500,-150000,20
TXN_22731,20260810,ACC_1179,103,Contraction,Annual Prepaid,-1999,-23988,192
TXN_22732,20250510,ACC_1123,104,New Business,Monthly Recurring,12500,150000,180
TXN_22733,20260914,ACC_1180,104,Contraction,Annual Prepaid,-5000,-60000,86
TXN_22734,20251017,ACC_1078,102,Expansion,Annual Prepaid,1873,22476,207
TXN_22735,20251114,ACC_1023,102,New Business,Monthly Recurring,1499,17988,227
TXN_22736,20250428,ACC_1343,101,Expansion,Annual Prepaid,748,8976,136
TXN_22737,20251021,ACC_1093,103,New Business,Annual Prepaid,4999,59988,140
TXN_22738,20260221,ACC_1249,102,Expansion,Monthly Recurring,2998,35976,25
TXN_22739,20250618,ACC_1387,102,New Business,Monthly Recurring,1499,17988,188
TXN_22740,20250925,ACC_1045,103,New Business,Annual Prepaid,4999,59988,144
TXN_22741,20250121,ACC_1289,104,Churn,Annual Prepaid,-12500,-150000,186
TXN_22742,20260904,ACC_1233,101,New Business,Annual Prepaid,499,5988,75
TXN_22743,20260823,ACC_1135,104,Renewal,Annual Prepaid,12500,150000,244
TXN_22744,20250922,ACC_1332,103,Expansion,Annual Prepaid,9998,119976,99
TXN_22745,20260612,ACC_1196,104,Expansion,Annual Prepaid,18750,225000,97
TXN_22746,20250311,ACC_1133,103,Expansion,Annual Prepaid,9998,119976,38
TXN_22747,20251202,ACC_1060,104,Expansion,Annual Prepaid,25000,300000,82
TXN_22748,20260403,ACC_1028,104,New Business,Annual Prepaid,12500,150000,180
TXN_22749,20250129,ACC_1073,104,Churn,Monthly Recurring,-12500,-150000,62
TXN_22750,20260603,ACC_1304,103,New Business,Annual Prepaid,4999,59988,113
TXN_22751,20260403,ACC_1324,102,New Business,Monthly Recurring,1499,17988,230
TXN_22752,20250222,ACC_1329,101,Renewal,Annual Prepaid,499,5988,139
TXN_22753,20260513,ACC_1137,103,Contraction,Monthly Recurring,-1999,-23988,50
TXN_22754,20260605,ACC_1346,102,Expansion,Annual Prepaid,2998,35976,79
TXN_22755,20251022,ACC_1081,104,New Business,Annual Prepaid,12500,150000,137
TXN_22756,20250329,ACC_1050,103,Expansion,Annual Prepaid,6248,74976,76
TXN_22757,20250605,ACC_1154,103,Expansion,Monthly Recurring,6248,74976,242
TXN_22758,20261102,ACC_1334,102,Expansion,Monthly Recurring,2248,26976,9
TXN_22759,20260421,ACC_1287,101,New Business,Monthly Recurring,499,5988,47
TXN_22760,20260408,ACC_1151,104,New Business,Annual Prepaid,12500,150000,77
TXN_22761,20250826,ACC_1104,102,Expansion,Monthly Recurring,2998,35976,113
TXN_22762,20261010,ACC_1009,101,New Business,Annual Prepaid,499,5988,184
TXN_22763,20260724,ACC_1146,103,New Business,Annual Prepaid,4999,59988,249
TXN_22764,20250410,ACC_1048,101,New Business,Annual Prepaid,499,5988,228
TXN_22765,20251029,ACC_1165,104,Renewal,Annual Prepaid,12500,150000,92
TXN_22766,20250612,ACC_1217,101,Expansion,Monthly Recurring,623,7476,49
TXN_22767,20260408,ACC_1374,104,New Business,Annual Prepaid,12500,150000,198
TXN_22768,20250926,ACC_1279,101,Expansion,Monthly Recurring,623,7476,11
TXN_22769,20260201,ACC_1166,104,Expansion,Annual Prepaid,25000,300000,116
TXN_22770,20260708,ACC_1230,101,New Business,Annual Prepaid,499,5988,192
TXN_22771,20250616,ACC_1385,103,New Business,Monthly Recurring,4999,59988,165
TXN_22772,20261019,ACC_1087,101,New Business,Annual Prepaid,499,5988,110
TXN_22773,20251023,ACC_1006,103,New Business,Annual Prepaid,4999,59988,208
TXN_22774,20250104,ACC_1135,101,Expansion,Monthly Recurring,748,8976,144
TXN_22775,20250117,ACC_1065,103,New Business,Annual Prepaid,4999,59988,216
TXN_22776,20250822,ACC_1273,102,Contraction,Annual Prepaid,-599,-7188,150
TXN_22777,20260629,ACC_1050,102,New Business,Monthly Recurring,1499,17988,93
TXN_22778,20250811,ACC_1385,101,Renewal,Annual Prepaid,499,5988,216
TXN_22779,20260611,ACC_1057,102,New Business,Monthly Recurring,1499,17988,118
TXN_22780,20260918,ACC_1252,104,Renewal,Monthly Recurring,12500,150000,231
TXN_22781,20250912,ACC_1357,101,New Business,Annual Prepaid,499,5988,130
TXN_22782,20260719,ACC_1393,102,Contraction,Annual Prepaid,-599,-7188,170
TXN_22783,20250308,ACC_1042,104,Renewal,Annual Prepaid,12500,150000,87
TXN_22784,20250705,ACC_1350,101,Expansion,Annual Prepaid,748,8976,22
TXN_22785,20250109,ACC_1303,104,New Business,Annual Prepaid,12500,150000,148
TXN_22786,20260326,ACC_1348,101,Expansion,Annual Prepaid,998,11976,122
TXN_22787,20260320,ACC_1356,102,Renewal,Annual Prepaid,1499,17988,50
TXN_22788,20251010,ACC_1049,101,Expansion,Monthly Recurring,623,7476,92
TXN_22789,20250815,ACC_1121,103,New Business,Monthly Recurring,4999,59988,246
TXN_22790,20250716,ACC_1032,103,Expansion,Annual Prepaid,7498,89976,116
TXN_22791,20250614,ACC_1048,103,New Business,Annual Prepaid,4999,59988,78
TXN_22792,20260707,ACC_1121,101,Expansion,Annual Prepaid,623,7476,172
TXN_22793,20260303,ACC_1034,102,Expansion,Annual Prepaid,1873,22476,14
TXN_22794,20250809,ACC_1120,103,Renewal,Monthly Recurring,4999,59988,62
TXN_22795,20250327,ACC_1315,104,New Business,Annual Prepaid,12500,150000,209
TXN_22796,20251229,ACC_1129,102,Contraction,Annual Prepaid,-599,-7188,56
TXN_22797,20261002,ACC_1001,103,New Business,Annual Prepaid,4999,59988,231
TXN_22798,20260219,ACC_1243,104,Expansion,Monthly Recurring,25000,300000,110
TXN_22799,20260226,ACC_1182,104,Renewal,Annual Prepaid,12500,150000,216
TXN_22800,20260104,ACC_1078,102,Renewal,Annual Prepaid,1499,17988,29
TXN_22801,20250803,ACC_1354,104,Renewal,Annual Prepaid,12500,150000,190
TXN_22802,20260304,ACC_1192,102,New Business,Annual Prepaid,1499,17988,54
TXN_22803,20260115,ACC_1197,104,Renewal,Annual Prepaid,12500,150000,71
TXN_22804,20260228,ACC_1258,101,New Business,Annual Prepaid,499,5988,69
TXN_22805,20260920,ACC_1190,103,New Business,Annual Prepaid,4999,59988,237
TXN_22806,20260930,ACC_1069,102,Renewal,Annual Prepaid,1499,17988,57
TXN_22807,20250519,ACC_1112,103,New Business,Annual Prepaid,4999,59988,147
TXN_22808,20260313,ACC_1370,101,Expansion,Annual Prepaid,998,11976,32
TXN_22809,20250929,ACC_1159,102,New Business,Annual Prepaid,1499,17988,70
TXN_22810,20250209,ACC_1294,101,Expansion,Annual Prepaid,998,11976,104
TXN_22811,20260725,ACC_1144,101,Contraction,Annual Prepaid,-199,-2388,102
TXN_22812,20250716,ACC_1395,101,New Business,Monthly Recurring,499,5988,145
TXN_22813,20260107,ACC_1288,103,Expansion,Monthly Recurring,6248,74976,35
TXN_22814,20260313,ACC_1307,103,Churn,Monthly Recurring,-4999,-59988,204
TXN_22815,20251024,ACC_1126,101,Renewal,Annual Prepaid,499,5988,46
TXN_22816,20251003,ACC_1120,103,Expansion,Monthly Recurring,6248,74976,184
TXN_22817,20260203,ACC_1012,104,Renewal,Monthly Recurring,12500,150000,95
TXN_22818,20260223,ACC_1197,101,New Business,Annual Prepaid,499,5988,166
TXN_22819,20250822,ACC_1146,101,Renewal,Annual Prepaid,499,5988,229
TXN_22820,20250405,ACC_1061,103,Renewal,Annual Prepaid,4999,59988,220
TXN_22821,20260627,ACC_1213,104,Renewal,Monthly Recurring,12500,150000,221
TXN_22822,20260127,ACC_1135,103,Renewal,Annual Prepaid,4999,59988,129
TXN_22823,20260203,ACC_1077,103,New Business,Annual Prepaid,4999,59988,131
TXN_22824,20260825,ACC_1195,104,New Business,Annual Prepaid,12500,150000,12
TXN_22825,20260725,ACC_1268,104,New Business,Annual Prepaid,12500,150000,54
TXN_22826,20261001,ACC_1296,102,New Business,Annual Prepaid,1499,17988,227
TXN_22827,20250526,ACC_1077,101,Renewal,Monthly Recurring,499,5988,115
TXN_22828,20260302,ACC_1129,101,Renewal,Annual Prepaid,499,5988,27
TXN_22829,20260622,ACC_1334,103,New Business,Annual Prepaid,4999,59988,178
TXN_22830,20261109,ACC_1102,101,New Business,Annual Prepaid,499,5988,65
TXN_22831,20260626,ACC_1362,103,New Business,Annual Prepaid,4999,59988,165
TXN_22832,20250619,ACC_1234,103,Expansion,Annual Prepaid,7498,89976,244
TXN_22833,20251029,ACC_1257,102,Expansion,Annual Prepaid,2248,26976,101
TXN_22834,20261027,ACC_1153,102,New Business,Monthly Recurring,1499,17988,77
TXN_22835,20260704,ACC_1254,103,New Business,Annual Prepaid,4999,59988,27
TXN_22836,20251028,ACC_1367,104,New Business,Annual Prepaid,12500,150000,139
TXN_22837,20260611,ACC_1255,102,Renewal,Annual Prepaid,1499,17988,93
TXN_22838,20260922,ACC_1017,104,Churn,Annual Prepaid,-12500,-150000,64
TXN_22839,20250706,ACC_1125,103,Expansion,Monthly Recurring,7498,89976,109
TXN_22840,20261111,ACC_1311,104,New Business,Annual Prepaid,12500,150000,195
TXN_22841,20260915,ACC_1130,103,Contraction,Annual Prepaid,-1999,-23988,141
TXN_22842,20260819,ACC_1355,104,New Business,Annual Prepaid,12500,150000,69
TXN_22843,20250810,ACC_1024,104,Churn,Monthly Recurring,-12500,-150000,176
TXN_22844,20260205,ACC_1230,101,Expansion,Annual Prepaid,748,8976,96
TXN_22845,20260103,ACC_1088,101,Expansion,Monthly Recurring,748,8976,16
TXN_22846,20260421,ACC_1397,104,Churn,Annual Prepaid,-12500,-150000,145
TXN_22847,20261005,ACC_1240,102,New Business,Monthly Recurring,1499,17988,91
TXN_22848,20261021,ACC_1261,102,New Business,Annual Prepaid,1499,17988,128
TXN_22849,20251007,ACC_1299,104,Expansion,Monthly Recurring,18750,225000,154
TXN_22850,20250708,ACC_1339,101,Expansion,Monthly Recurring,998,11976,70
TXN_22851,20260703,ACC_1033,103,New Business,Annual Prepaid,4999,59988,104
TXN_22852,20250330,ACC_1023,104,Renewal,Annual Prepaid,12500,150000,169
TXN_22853,20251005,ACC_1237,104,Renewal,Annual Prepaid,12500,150000,82
TXN_22854,20251202,ACC_1328,102,Renewal,Annual Prepaid,1499,17988,42
TXN_22855,20260125,ACC_1228,103,New Business,Annual Prepaid,4999,59988,223
TXN_22856,20260818,ACC_1075,102,Renewal,Annual Prepaid,1499,17988,147
TXN_22857,20250730,ACC_1056,101,Contraction,Monthly Recurring,-199,-2388,156
TXN_22858,20250314,ACC_1058,101,Renewal,Monthly Recurring,499,5988,247
TXN_22859,20260917,ACC_1354,102,Renewal,Annual Prepaid,1499,17988,188
TXN_22860,20261020,ACC_1277,102,Renewal,Annual Prepaid,1499,17988,183
TXN_22861,20251020,ACC_1321,103,New Business,Annual Prepaid,4999,59988,73
TXN_22862,20260721,ACC_1056,103,Renewal,Monthly Recurring,4999,59988,205
TXN_22863,20250318,ACC_1236,102,Contraction,Annual Prepaid,-599,-7188,57
TXN_22864,20260531,ACC_1263,101,Churn,Annual Prepaid,-499,-5988,234
TXN_22865,20260907,ACC_1377,102,Expansion,Monthly Recurring,2998,35976,220
TXN_22866,20260725,ACC_1365,104,Expansion,Annual Prepaid,25000,300000,30
TXN_22867,20251221,ACC_1036,103,Renewal,Annual Prepaid,4999,59988,104
TXN_22868,20260823,ACC_1097,102,Expansion,Annual Prepaid,2998,35976,144
TXN_22869,20251212,ACC_1254,102,Renewal,Annual Prepaid,1499,17988,118
TXN_22870,20260929,ACC_1068,103,Contraction,Monthly Recurring,-1999,-23988,59
TXN_22871,20261021,ACC_1338,103,New Business,Annual Prepaid,4999,59988,111
TXN_22872,20260208,ACC_1358,102,Expansion,Monthly Recurring,1873,22476,188
TXN_22873,20250224,ACC_1061,104,Renewal,Annual Prepaid,12500,150000,191
TXN_22874,20260630,ACC_1039,101,Expansion,Annual Prepaid,748,8976,154
TXN_22875,20251014,ACC_1230,104,New Business,Annual Prepaid,12500,150000,198
TXN_22876,20260527,ACC_1182,103,Renewal,Annual Prepaid,4999,59988,191
TXN_22877,20260126,ACC_1040,102,New Business,Annual Prepaid,1499,17988,208
TXN_22878,20250719,ACC_1176,102,Expansion,Annual Prepaid,2998,35976,81
TXN_22879,20251008,ACC_1019,102,Expansion,Monthly Recurring,2248,26976,62
TXN_22880,20260515,ACC_1376,104,Renewal,Monthly Recurring,12500,150000,142
TXN_22881,20260503,ACC_1322,104,New Business,Monthly Recurring,12500,150000,143
TXN_22882,20250425,ACC_1122,104,Renewal,Annual Prepaid,12500,150000,239
TXN_22883,20250525,ACC_1007,103,Expansion,Annual Prepaid,7498,89976,154
TXN_22884,20250101,ACC_1397,101,Renewal,Annual Prepaid,499,5988,123
TXN_22885,20251026,ACC_1398,103,Expansion,Annual Prepaid,7498,89976,200
TXN_22886,20260823,ACC_1115,103,Renewal,Annual Prepaid,4999,59988,92
TXN_22887,20250521,ACC_1251,102,Expansion,Monthly Recurring,2998,35976,195
TXN_22888,20250616,ACC_1099,103,New Business,Annual Prepaid,4999,59988,5
TXN_22889,20250306,ACC_1398,104,Renewal,Annual Prepaid,12500,150000,181
TXN_22890,20250425,ACC_1050,102,New Business,Annual Prepaid,1499,17988,90
TXN_22891,20250926,ACC_1018,104,Expansion,Monthly Recurring,15625,187500,47
TXN_22892,20261102,ACC_1310,102,Contraction,Annual Prepaid,-599,-7188,233
TXN_22893,20260503,ACC_1073,104,Expansion,Monthly Recurring,25000,300000,88
TXN_22894,20250315,ACC_1019,104,Renewal,Annual Prepaid,12500,150000,129
TXN_22895,20261031,ACC_1116,102,Churn,Annual Prepaid,-1499,-17988,247
TXN_22896,20261026,ACC_1222,102,New Business,Annual Prepaid,1499,17988,227
TXN_22897,20260118,ACC_1347,102,New Business,Annual Prepaid,1499,17988,211
TXN_22898,20250426,ACC_1006,102,Expansion,Annual Prepaid,2248,26976,211
TXN_22899,20251031,ACC_1078,104,New Business,Monthly Recurring,12500,150000,188
TXN_22900,20260310,ACC_1228,104,Expansion,Annual Prepaid,18750,225000,65
TXN_22901,20250624,ACC_1144,103,Renewal,Annual Prepaid,4999,59988,47
TXN_22902,20260223,ACC_1339,104,Renewal,Monthly Recurring,12500,150000,16
TXN_22903,20260323,ACC_1204,101,New Business,Monthly Recurring,499,5988,181
TXN_22904,20250216,ACC_1112,104,Contraction,Annual Prepaid,-5000,-60000,164
TXN_22905,20260518,ACC_1255,103,Renewal,Monthly Recurring,4999,59988,169
TXN_22906,20260907,ACC_1096,103,Renewal,Monthly Recurring,4999,59988,190
TXN_22907,20260319,ACC_1032,101,Renewal,Annual Prepaid,499,5988,205
TXN_22908,20261111,ACC_1358,101,Renewal,Annual Prepaid,499,5988,243
TXN_22909,20260126,ACC_1298,104,Expansion,Monthly Recurring,25000,300000,162
TXN_22910,20251103,ACC_1297,103,New Business,Monthly Recurring,4999,59988,52
TXN_22911,20260824,ACC_1327,104,Renewal,Annual Prepaid,12500,150000,112
TXN_22912,20251022,ACC_1040,101,Churn,Annual Prepaid,-499,-5988,80
TXN_22913,20250915,ACC_1209,101,Contraction,Monthly Recurring,-199,-2388,126
TXN_22914,20250330,ACC_1331,101,Expansion,Monthly Recurring,998,11976,84
TXN_22915,20260707,ACC_1063,104,Renewal,Annual Prepaid,12500,150000,27
TXN_22916,20251028,ACC_1080,101,Expansion,Monthly Recurring,748,8976,247
TXN_22917,20260509,ACC_1138,103,Churn,Annual Prepaid,-4999,-59988,110
TXN_22918,20250302,ACC_1174,102,Expansion,Annual Prepaid,1873,22476,16
TXN_22919,20260801,ACC_1216,101,Expansion,Annual Prepaid,748,8976,171
TXN_22920,20260627,ACC_1371,102,Contraction,Annual Prepaid,-599,-7188,239
TXN_22921,20260429,ACC_1153,104,New Business,Annual Prepaid,12500,150000,174
TXN_22922,20250820,ACC_1357,103,Contraction,Monthly Recurring,-1999,-23988,23
TXN_22923,20250306,ACC_1399,104,Expansion,Annual Prepaid,18750,225000,51
TXN_22924,20250513,ACC_1268,101,Expansion,Annual Prepaid,623,7476,86
TXN_22925,20250408,ACC_1381,103,Churn,Annual Prepaid,-4999,-59988,34
TXN_22926,20250513,ACC_1125,102,Churn,Annual Prepaid,-1499,-17988,51
TXN_22927,20260818,ACC_1357,103,New Business,Monthly Recurring,4999,59988,238
TXN_22928,20250611,ACC_1060,102,Expansion,Monthly Recurring,1873,22476,19
TXN_22929,20260619,ACC_1143,104,New Business,Annual Prepaid,12500,150000,111
TXN_22930,20251008,ACC_1297,101,Renewal,Annual Prepaid,499,5988,44
TXN_22931,20260503,ACC_1085,102,Expansion,Annual Prepaid,2248,26976,141
TXN_22932,20260207,ACC_1325,101,Renewal,Annual Prepaid,499,5988,52
TXN_22933,20250118,ACC_1112,104,Renewal,Monthly Recurring,12500,150000,35
TXN_22934,20250108,ACC_1385,103,New Business,Monthly Recurring,4999,59988,139
TXN_22935,20261013,ACC_1007,104,Contraction,Annual Prepaid,-5000,-60000,181
TXN_22936,20250424,ACC_1011,102,New Business,Annual Prepaid,1499,17988,200
TXN_22937,20260527,ACC_1348,101,New Business,Annual Prepaid,499,5988,154
TXN_22938,20250213,ACC_1118,101,New Business,Annual Prepaid,499,5988,185
TXN_22939,20250308,ACC_1077,102,Expansion,Annual Prepaid,1873,22476,15
TXN_22940,20251031,ACC_1139,101,Expansion,Annual Prepaid,748,8976,101
TXN_22941,20261011,ACC_1331,101,Expansion,Annual Prepaid,623,7476,34
TXN_22942,20250911,ACC_1303,102,New Business,Annual Prepaid,1499,17988,138
TXN_22943,20260429,ACC_1290,104,Expansion,Monthly Recurring,18750,225000,140
TXN_22944,20250101,ACC_1280,103,New Business,Monthly Recurring,4999,59988,13
TXN_22945,20260310,ACC_1063,104,New Business,Annual Prepaid,12500,150000,180
TXN_22946,20250801,ACC_1262,104,New Business,Monthly Recurring,12500,150000,99
TXN_22947,20250810,ACC_1111,102,Renewal,Annual Prepaid,1499,17988,214
TXN_22948,20260824,ACC_1396,103,Contraction,Annual Prepaid,-1999,-23988,114
TXN_22949,20260421,ACC_1188,104,Expansion,Annual Prepaid,18750,225000,67
TXN_22950,20250519,ACC_1397,103,New Business,Annual Prepaid,4999,59988,121
TXN_22951,20250812,ACC_1214,104,Expansion,Annual Prepaid,18750,225000,97
TXN_22952,20261013,ACC_1134,102,Renewal,Monthly Recurring,1499,17988,206
TXN_22953,20250726,ACC_1375,104,Renewal,Monthly Recurring,12500,150000,118
TXN_22954,20250409,ACC_1321,101,New Business,Annual Prepaid,499,5988,189
TXN_22955,20260725,ACC_1208,101,New Business,Annual Prepaid,499,5988,52
TXN_22956,20260603,ACC_1279,102,Churn,Monthly Recurring,-1499,-17988,236
TXN_22957,20250925,ACC_1106,102,Expansion,Annual Prepaid,1873,22476,144
TXN_22958,20260929,ACC_1397,104,Contraction,Monthly Recurring,-5000,-60000,64
TXN_22959,20251113,ACC_1031,101,Contraction,Annual Prepaid,-199,-2388,204
TXN_22960,20251023,ACC_1190,101,New Business,Annual Prepaid,499,5988,237
TXN_22961,20250803,ACC_1288,102,Renewal,Annual Prepaid,1499,17988,89
TXN_22962,20260705,ACC_1182,104,New Business,Monthly Recurring,12500,150000,114
TXN_22963,20250902,ACC_1107,104,Renewal,Monthly Recurring,12500,150000,38
TXN_22964,20250719,ACC_1179,104,Contraction,Monthly Recurring,-5000,-60000,11
TXN_22965,20261102,ACC_1346,101,Renewal,Annual Prepaid,499,5988,20
TXN_22966,20260304,ACC_1201,102,New Business,Annual Prepaid,1499,17988,41
TXN_22967,20251115,ACC_1334,104,New Business,Annual Prepaid,12500,150000,176
TXN_22968,20250213,ACC_1218,101,Renewal,Annual Prepaid,499,5988,123
TXN_22969,20250324,ACC_1234,102,New Business,Annual Prepaid,1499,17988,22
TXN_22970,20260325,ACC_1234,104,New Business,Annual Prepaid,12500,150000,118
TXN_22971,20260120,ACC_1314,103,Renewal,Monthly Recurring,4999,59988,222
TXN_22972,20250316,ACC_1203,102,Renewal,Annual Prepaid,1499,17988,146
TXN_22973,20260210,ACC_1206,103,New Business,Monthly Recurring,4999,59988,159
TXN_22974,20250303,ACC_1386,103,Renewal,Monthly Recurring,4999,59988,199
TXN_22975,20250708,ACC_1367,101,New Business,Annual Prepaid,499,5988,11
TXN_22976,20260811,ACC_1306,102,Renewal,Annual Prepaid,1499,17988,146
TXN_22977,20250306,ACC_1073,102,Expansion,Annual Prepaid,1873,22476,24
TXN_22978,20250714,ACC_1241,103,New Business,Monthly Recurring,4999,59988,111
TXN_22979,20250721,ACC_1125,101,Expansion,Monthly Recurring,748,8976,116
TXN_22980,20250710,ACC_1337,104,Churn,Monthly Recurring,-12500,-150000,244
TXN_22981,20260430,ACC_1250,102,New Business,Annual Prepaid,1499,17988,184
TXN_22982,20260829,ACC_1302,101,Expansion,Monthly Recurring,748,8976,164
TXN_22983,20261009,ACC_1373,101,Expansion,Monthly Recurring,748,8976,100
TXN_22984,20250626,ACC_1119,102,Contraction,Annual Prepaid,-599,-7188,20
TXN_22985,20250213,ACC_1277,102,Expansion,Annual Prepaid,2998,35976,121
TXN_22986,20260730,ACC_1126,103,Churn,Monthly Recurring,-4999,-59988,55
TXN_22987,20260304,ACC_1137,102,Expansion,Annual Prepaid,2998,35976,74
TXN_22988,20260419,ACC_1128,102,Renewal,Monthly Recurring,1499,17988,155
TXN_22989,20250506,ACC_1333,103,Renewal,Annual Prepaid,4999,59988,184
TXN_22990,20250521,ACC_1278,101,Churn,Annual Prepaid,-499,-5988,99
TXN_22991,20260907,ACC_1365,102,New Business,Annual Prepaid,1499,17988,205
TXN_22992,20250215,ACC_1319,103,Renewal,Monthly Recurring,4999,59988,6
TXN_22993,20260123,ACC_1383,101,Expansion,Monthly Recurring,623,7476,119
TXN_22994,20250204,ACC_1165,101,Expansion,Monthly Recurring,748,8976,90
TXN_22995,20260725,ACC_1138,101,New Business,Annual Prepaid,499,5988,192
TXN_22996,20250620,ACC_1063,104,Renewal,Annual Prepaid,12500,150000,25
TXN_22997,20260619,ACC_1299,101,New Business,Monthly Recurring,499,5988,35
TXN_22998,20260511,ACC_1121,101,Renewal,Annual Prepaid,499,5988,220
TXN_22999,20251020,ACC_1333,101,New Business,Annual Prepaid,499,5988,90
TXN_23000,20250927,ACC_1016,104,New Business,Annual Prepaid,12500,150000,91
TXN_23001,20250616,ACC_1162,104,Expansion,Annual Prepaid,18750,225000,160
TXN_23002,20261014,ACC_1324,104,Renewal,Annual Prepaid,12500,150000,186
TXN_23003,20261028,ACC_1049,104,New Business,Annual Prepaid,12500,150000,94
TXN_23004,20250626,ACC_1150,104,New Business,Annual Prepaid,12500,150000,57
TXN_23005,20260423,ACC_1119,103,Expansion,Annual Prepaid,7498,89976,199
TXN_23006,20250930,ACC_1187,102,New Business,Annual Prepaid,1499,17988,11
TXN_23007,20251106,ACC_1368,101,Renewal,Monthly Recurring,499,5988,20
TXN_23008,20251030,ACC_1229,103,Expansion,Monthly Recurring,9998,119976,68
TXN_23009,20260618,ACC_1050,101,New Business,Annual Prepaid,499,5988,9
TXN_23010,20251214,ACC_1145,101,Renewal,Monthly Recurring,499,5988,167
TXN_23011,20250222,ACC_1168,102,New Business,Annual Prepaid,1499,17988,150
TXN_23012,20260806,ACC_1227,104,Contraction,Annual Prepaid,-5000,-60000,59
TXN_23013,20251009,ACC_1215,104,Expansion,Annual Prepaid,15625,187500,171
TXN_23014,20260616,ACC_1296,103,Renewal,Monthly Recurring,4999,59988,144
TXN_23015,20250602,ACC_1120,101,Renewal,Annual Prepaid,499,5988,8
TXN_23016,20250808,ACC_1393,103,Expansion,Annual Prepaid,9998,119976,103
TXN_23017,20251130,ACC_1180,103,New Business,Annual Prepaid,4999,59988,128
TXN_23018,20260131,ACC_1352,103,New Business,Annual Prepaid,4999,59988,22
TXN_23019,20260131,ACC_1397,101,Contraction,Annual Prepaid,-199,-2388,225
TXN_23020,20251107,ACC_1214,104,New Business,Monthly Recurring,12500,150000,38
TXN_23021,20250607,ACC_1034,104,Expansion,Annual Prepaid,15625,187500,88
TXN_23022,20250424,ACC_1346,103,New Business,Annual Prepaid,4999,59988,166
TXN_23023,20251116,ACC_1143,101,Renewal,Annual Prepaid,499,5988,189
TXN_23024,20250827,ACC_1205,104,Renewal,Annual Prepaid,12500,150000,139
TXN_23025,20251004,ACC_1008,103,Expansion,Monthly Recurring,6248,74976,218
TXN_23026,20250316,ACC_1094,102,New Business,Annual Prepaid,1499,17988,157
TXN_23027,20260406,ACC_1142,102,New Business,Annual Prepaid,1499,17988,150
TXN_23028,20260818,ACC_1054,104,Renewal,Annual Prepaid,12500,150000,8
TXN_23029,20250422,ACC_1311,103,Churn,Annual Prepaid,-4999,-59988,122
TXN_23030,20250716,ACC_1020,104,Contraction,Annual Prepaid,-5000,-60000,190
TXN_23031,20260829,ACC_1167,101,Expansion,Annual Prepaid,623,7476,25
TXN_23032,20260620,ACC_1319,104,Expansion,Monthly Recurring,25000,300000,87
TXN_23033,20260310,ACC_1358,102,Renewal,Annual Prepaid,1499,17988,188
TXN_23034,20260228,ACC_1376,103,Contraction,Annual Prepaid,-1999,-23988,201
TXN_23035,20250610,ACC_1262,103,Contraction,Annual Prepaid,-1999,-23988,153
TXN_23036,20261019,ACC_1340,101,Contraction,Annual Prepaid,-199,-2388,68
TXN_23037,20260419,ACC_1126,102,Contraction,Annual Prepaid,-599,-7188,233
TXN_23038,20250709,ACC_1013,102,New Business,Annual Prepaid,1499,17988,25
TXN_23039,20260426,ACC_1182,103,Expansion,Annual Prepaid,9998,119976,164
TXN_23040,20250313,ACC_1203,101,Contraction,Monthly Recurring,-199,-2388,133
TXN_23041,20260901,ACC_1131,104,Expansion,Annual Prepaid,18750,225000,249
TXN_23042,20250723,ACC_1219,102,New Business,Monthly Recurring,1499,17988,230
TXN_23043,20250116,ACC_1280,103,Expansion,Monthly Recurring,6248,74976,66
TXN_23044,20250802,ACC_1087,102,Expansion,Monthly Recurring,1873,22476,181
TXN_23045,20260514,ACC_1033,103,New Business,Annual Prepaid,4999,59988,147
TXN_23046,20260623,ACC_1228,104,Renewal,Monthly Recurring,12500,150000,245
TXN_23047,20260722,ACC_1023,101,Renewal,Monthly Recurring,499,5988,197
TXN_23048,20260312,ACC_1098,102,New Business,Monthly Recurring,1499,17988,243
TXN_23049,20250110,ACC_1042,102,Renewal,Annual Prepaid,1499,17988,13
TXN_23050,20250715,ACC_1069,101,Renewal,Annual Prepaid,499,5988,229
TXN_23051,20250610,ACC_1123,102,Expansion,Annual Prepaid,1873,22476,6
TXN_23052,20251113,ACC_1311,103,Renewal,Annual Prepaid,4999,59988,39
TXN_23053,20261009,ACC_1217,103,Expansion,Annual Prepaid,9998,119976,59
TXN_23054,20251103,ACC_1356,103,Expansion,Monthly Recurring,7498,89976,12
TXN_23055,20250718,ACC_1068,103,Expansion,Annual Prepaid,7498,89976,5
TXN_23056,20250716,ACC_1358,103,Expansion,Annual Prepaid,6248,74976,92
TXN_23057,20260808,ACC_1160,101,Renewal,Annual Prepaid,499,5988,229
TXN_23058,20260710,ACC_1196,104,New Business,Annual Prepaid,12500,150000,187
TXN_23059,20250203,ACC_1138,102,New Business,Annual Prepaid,1499,17988,20
TXN_23060,20250506,ACC_1233,101,Contraction,Monthly Recurring,-199,-2388,216
TXN_23061,20260206,ACC_1368,102,New Business,Annual Prepaid,1499,17988,232
TXN_23062,20250118,ACC_1323,102,Expansion,Annual Prepaid,2998,35976,122
TXN_23063,20260823,ACC_1282,102,Expansion,Monthly Recurring,2998,35976,144
TXN_23064,20251208,ACC_1133,104,Renewal,Annual Prepaid,12500,150000,235
TXN_23065,20260619,ACC_1301,101,New Business,Monthly Recurring,499,5988,135
TXN_23066,20260416,ACC_1285,102,New Business,Annual Prepaid,1499,17988,138
TXN_23067,20260821,ACC_1139,102,New Business,Monthly Recurring,1499,17988,58
TXN_23068,20250922,ACC_1093,101,Contraction,Annual Prepaid,-199,-2388,81
TXN_23069,20250227,ACC_1010,102,New Business,Annual Prepaid,1499,17988,227
TXN_23070,20260701,ACC_1369,104,Renewal,Annual Prepaid,12500,150000,165
TXN_23071,20250516,ACC_1200,104,New Business,Monthly Recurring,12500,150000,230
TXN_23072,20260812,ACC_1392,103,Renewal,Annual Prepaid,4999,59988,115
TXN_23073,20260427,ACC_1224,103,New Business,Annual Prepaid,4999,59988,243
TXN_23074,20260127,ACC_1334,101,New Business,Monthly Recurring,499,5988,201
TXN_23075,20251009,ACC_1012,102,New Business,Annual Prepaid,1499,17988,74
TXN_23076,20251212,ACC_1169,103,Renewal,Monthly Recurring,4999,59988,45
TXN_23077,20250222,ACC_1142,101,Expansion,Annual Prepaid,748,8976,194
TXN_23078,20260711,ACC_1136,102,Expansion,Annual Prepaid,2248,26976,151
TXN_23079,20260716,ACC_1205,103,New Business,Annual Prepaid,4999,59988,247
TXN_23080,20260722,ACC_1377,103,New Business,Monthly Recurring,4999,59988,132
TXN_23081,20250727,ACC_1391,102,Renewal,Annual Prepaid,1499,17988,137
TXN_23082,20250329,ACC_1239,103,New Business,Annual Prepaid,4999,59988,224
TXN_23083,20250307,ACC_1275,103,Expansion,Annual Prepaid,9998,119976,150
TXN_23084,20260118,ACC_1103,101,Expansion,Annual Prepaid,623,7476,162
TXN_23085,20260824,ACC_1267,102,Renewal,Monthly Recurring,1499,17988,220
TXN_23086,20250428,ACC_1384,101,New Business,Annual Prepaid,499,5988,186
TXN_23087,20261102,ACC_1068,102,Expansion,Annual Prepaid,1873,22476,209
TXN_23088,20250714,ACC_1361,101,Churn,Annual Prepaid,-499,-5988,80
TXN_23089,20250829,ACC_1221,103,Expansion,Annual Prepaid,6248,74976,146
TXN_23090,20250131,ACC_1320,104,Contraction,Annual Prepaid,-5000,-60000,14
TXN_23091,20250303,ACC_1282,104,Contraction,Annual Prepaid,-5000,-60000,13
TXN_23092,20251112,ACC_1071,102,New Business,Annual Prepaid,1499,17988,82
TXN_23093,20260412,ACC_1214,104,Renewal,Annual Prepaid,12500,150000,47
TXN_23094,20250820,ACC_1352,103,Contraction,Annual Prepaid,-1999,-23988,126
TXN_23095,20250116,ACC_1042,101,Expansion,Monthly Recurring,623,7476,183
TXN_23096,20260611,ACC_1262,103,Contraction,Annual Prepaid,-1999,-23988,67
TXN_23097,20250828,ACC_1261,104,Renewal,Monthly Recurring,12500,150000,243
TXN_23098,20251105,ACC_1180,104,New Business,Annual Prepaid,12500,150000,229
TXN_23099,20251220,ACC_1093,101,Churn,Monthly Recurring,-499,-5988,63
TXN_23100,20260713,ACC_1393,102,Renewal,Annual Prepaid,1499,17988,216
TXN_23101,20250304,ACC_1084,101,Expansion,Annual Prepaid,623,7476,162
TXN_23102,20260423,ACC_1270,102,Renewal,Annual Prepaid,1499,17988,174
TXN_23103,20250519,ACC_1020,103,Churn,Monthly Recurring,-4999,-59988,125
TXN_23104,20250219,ACC_1152,102,Expansion,Annual Prepaid,2998,35976,205
TXN_23105,20260422,ACC_1010,101,Contraction,Monthly Recurring,-199,-2388,143
TXN_23106,20260322,ACC_1289,102,New Business,Annual Prepaid,1499,17988,66
TXN_23107,20250914,ACC_1087,101,Churn,Annual Prepaid,-499,-5988,186
TXN_23108,20260729,ACC_1004,101,Renewal,Annual Prepaid,499,5988,40
TXN_23109,20260915,ACC_1285,104,New Business,Annual Prepaid,12500,150000,157
TXN_23110,20260329,ACC_1400,104,New Business,Annual Prepaid,12500,150000,201
TXN_23111,20260121,ACC_1240,102,Expansion,Annual Prepaid,1873,22476,167
TXN_23112,20260410,ACC_1111,102,New Business,Annual Prepaid,1499,17988,72
TXN_23113,20250316,ACC_1089,101,Expansion,Annual Prepaid,623,7476,117
TXN_23114,20250811,ACC_1036,102,New Business,Monthly Recurring,1499,17988,245
TXN_23115,20261014,ACC_1134,104,Renewal,Monthly Recurring,12500,150000,195
TXN_23116,20251209,ACC_1025,101,New Business,Annual Prepaid,499,5988,194
TXN_23117,20260418,ACC_1194,102,Renewal,Annual Prepaid,1499,17988,97
TXN_23118,20250207,ACC_1364,103,Renewal,Annual Prepaid,4999,59988,200
TXN_23119,20250413,ACC_1142,101,Renewal,Annual Prepaid,499,5988,46
TXN_23120,20251025,ACC_1147,102,Expansion,Annual Prepaid,2248,26976,110
TXN_23121,20250207,ACC_1152,104,Churn,Annual Prepaid,-12500,-150000,123
TXN_23122,20251201,ACC_1151,102,Expansion,Annual Prepaid,2998,35976,61
TXN_23123,20250916,ACC_1255,102,Churn,Annual Prepaid,-1499,-17988,38
TXN_23124,20260908,ACC_1326,101,New Business,Annual Prepaid,499,5988,214
TXN_23125,20250427,ACC_1232,104,New Business,Annual Prepaid,12500,150000,189
TXN_23126,20261107,ACC_1138,103,Renewal,Annual Prepaid,4999,59988,237
TXN_23127,20250109,ACC_1284,104,New Business,Monthly Recurring,12500,150000,127
TXN_23128,20261024,ACC_1305,103,Renewal,Annual Prepaid,4999,59988,233
TXN_23129,20260719,ACC_1033,101,Renewal,Annual Prepaid,499,5988,22
TXN_23130,20260322,ACC_1175,104,Expansion,Monthly Recurring,18750,225000,177
TXN_23131,20251119,ACC_1387,102,New Business,Annual Prepaid,1499,17988,79
TXN_23132,20250610,ACC_1174,102,Renewal,Annual Prepaid,1499,17988,147
TXN_23133,20250127,ACC_1282,103,New Business,Annual Prepaid,4999,59988,139
TXN_23134,20261101,ACC_1385,102,Contraction,Annual Prepaid,-599,-7188,220
TXN_23135,20260702,ACC_1339,103,New Business,Annual Prepaid,4999,59988,46
TXN_23136,20260512,ACC_1050,104,New Business,Annual Prepaid,12500,150000,209
TXN_23137,20250228,ACC_1295,104,Expansion,Annual Prepaid,18750,225000,85
TXN_23138,20251129,ACC_1305,103,Contraction,Monthly Recurring,-1999,-23988,109
TXN_23139,20250908,ACC_1072,101,Expansion,Monthly Recurring,998,11976,61
TXN_23140,20261109,ACC_1366,104,Renewal,Annual Prepaid,12500,150000,52
TXN_23141,20251215,ACC_1127,101,New Business,Monthly Recurring,499,5988,88
TXN_23142,20250923,ACC_1194,103,Expansion,Annual Prepaid,6248,74976,101
TXN_23143,20260402,ACC_1262,103,Expansion,Annual Prepaid,6248,74976,8
TXN_23144,20250414,ACC_1276,104,Renewal,Annual Prepaid,12500,150000,27
TXN_23145,20250712,ACC_1303,101,Renewal,Monthly Recurring,499,5988,123
TXN_23146,20260113,ACC_1165,104,Expansion,Annual Prepaid,18750,225000,78
TXN_23147,20251214,ACC_1369,102,Contraction,Annual Prepaid,-599,-7188,17
TXN_23148,20250906,ACC_1012,102,New Business,Annual Prepaid,1499,17988,186
TXN_23149,20250430,ACC_1264,102,New Business,Annual Prepaid,1499,17988,76
TXN_23150,20260424,ACC_1243,103,Expansion,Monthly Recurring,6248,74976,66
TXN_23151,20251217,ACC_1119,101,Renewal,Annual Prepaid,499,5988,177
TXN_23152,20260510,ACC_1309,101,Contraction,Annual Prepaid,-199,-2388,151
TXN_23153,20260104,ACC_1067,102,Contraction,Monthly Recurring,-599,-7188,150
TXN_23154,20250924,ACC_1396,101,Expansion,Monthly Recurring,623,7476,92
TXN_23155,20250922,ACC_1089,103,Contraction,Annual Prepaid,-1999,-23988,117
TXN_23156,20250805,ACC_1166,104,New Business,Monthly Recurring,12500,150000,129
TXN_23157,20260401,ACC_1050,103,New Business,Annual Prepaid,4999,59988,86
TXN_23158,20260216,ACC_1110,103,Renewal,Annual Prepaid,4999,59988,147
TXN_23159,20250216,ACC_1275,104,Expansion,Annual Prepaid,25000,300000,205
TXN_23160,20260324,ACC_1276,101,New Business,Monthly Recurring,499,5988,40
TXN_23161,20260924,ACC_1389,104,Contraction,Annual Prepaid,-5000,-60000,50
TXN_23162,20260624,ACC_1168,101,Expansion,Monthly Recurring,998,11976,161
TXN_23163,20260326,ACC_1265,101,Renewal,Annual Prepaid,499,5988,190
TXN_23164,20260207,ACC_1326,103,New Business,Monthly Recurring,4999,59988,206
TXN_23165,20250117,ACC_1065,104,Renewal,Monthly Recurring,12500,150000,187
TXN_23166,20260427,ACC_1391,104,New Business,Monthly Recurring,12500,150000,178
TXN_23167,20250714,ACC_1054,104,New Business,Annual Prepaid,12500,150000,95
TXN_23168,20250421,ACC_1061,102,Contraction,Monthly Recurring,-599,-7188,7
TXN_23169,20251128,ACC_1013,102,Churn,Annual Prepaid,-1499,-17988,13
TXN_23170,20260330,ACC_1334,104,Renewal,Annual Prepaid,12500,150000,238
TXN_23171,20260224,ACC_1089,101,New Business,Annual Prepaid,499,5988,102
TXN_23172,20250213,ACC_1312,104,New Business,Annual Prepaid,12500,150000,231
TXN_23173,20250618,ACC_1398,101,New Business,Annual Prepaid,499,5988,84
TXN_23174,20250510,ACC_1235,104,New Business,Monthly Recurring,12500,150000,6
TXN_23175,20251002,ACC_1250,102,Renewal,Annual Prepaid,1499,17988,145
TXN_23176,20260310,ACC_1256,102,New Business,Annual Prepaid,1499,17988,221
TXN_23177,20260805,ACC_1057,102,Expansion,Annual Prepaid,2248,26976,167
TXN_23178,20250721,ACC_1347,101,Expansion,Annual Prepaid,998,11976,96
TXN_23179,20260516,ACC_1292,102,Renewal,Monthly Recurring,1499,17988,116
TXN_23180,20251214,ACC_1148,101,Expansion,Annual Prepaid,748,8976,64
TXN_23181,20250927,ACC_1185,102,Churn,Monthly Recurring,-1499,-17988,232
TXN_23182,20250123,ACC_1358,103,Renewal,Monthly Recurring,4999,59988,32
TXN_23183,20260321,ACC_1388,101,New Business,Annual Prepaid,499,5988,119
TXN_23184,20250730,ACC_1039,101,Renewal,Annual Prepaid,499,5988,29
TXN_23185,20250921,ACC_1355,101,New Business,Monthly Recurring,499,5988,47
TXN_23186,20260531,ACC_1338,102,New Business,Monthly Recurring,1499,17988,133
TXN_23187,20260530,ACC_1350,104,New Business,Annual Prepaid,12500,150000,60
TXN_23188,20250325,ACC_1274,101,Renewal,Annual Prepaid,499,5988,84
TXN_23189,20260725,ACC_1066,101,Expansion,Annual Prepaid,748,8976,127
TXN_23190,20260128,ACC_1393,102,Renewal,Monthly Recurring,1499,17988,156
TXN_23191,20250420,ACC_1295,103,New Business,Monthly Recurring,4999,59988,121
TXN_23192,20260219,ACC_1152,104,New Business,Annual Prepaid,12500,150000,74
TXN_23193,20251111,ACC_1160,103,Renewal,Annual Prepaid,4999,59988,45
TXN_23194,20250317,ACC_1184,103,Expansion,Annual Prepaid,7498,89976,116
TXN_23195,20260623,ACC_1283,104,Contraction,Annual Prepaid,-5000,-60000,124
TXN_23196,20260222,ACC_1233,101,New Business,Annual Prepaid,499,5988,62
TXN_23197,20261026,ACC_1255,104,New Business,Annual Prepaid,12500,150000,23
TXN_23198,20250716,ACC_1342,103,Expansion,Annual Prepaid,6248,74976,32
TXN_23199,20250516,ACC_1302,104,New Business,Annual Prepaid,12500,150000,21
TXN_23200,20261105,ACC_1034,104,Expansion,Annual Prepaid,25000,300000,162
TXN_23201,20260323,ACC_1371,101,Contraction,Monthly Recurring,-199,-2388,75
TXN_23202,20251029,ACC_1084,101,Expansion,Annual Prepaid,748,8976,210
TXN_23203,20260918,ACC_1264,103,Expansion,Annual Prepaid,9998,119976,49
TXN_23204,20251217,ACC_1050,104,New Business,Annual Prepaid,12500,150000,78
TXN_23205,20260611,ACC_1222,104,Renewal,Annual Prepaid,12500,150000,161
TXN_23206,20250815,ACC_1027,101,Renewal,Annual Prepaid,499,5988,220
TXN_23207,20260127,ACC_1057,104,Renewal,Annual Prepaid,12500,150000,242
TXN_23208,20250613,ACC_1105,103,Churn,Annual Prepaid,-4999,-59988,130
TXN_23209,20260322,ACC_1080,103,New Business,Monthly Recurring,4999,59988,149
TXN_23210,20260603,ACC_1304,104,New Business,Annual Prepaid,12500,150000,16
TXN_23211,20250528,ACC_1110,101,Expansion,Annual Prepaid,748,8976,83
TXN_23212,20260626,ACC_1346,101,Renewal,Monthly Recurring,499,5988,205
TXN_23213,20250530,ACC_1131,102,New Business,Monthly Recurring,1499,17988,33
TXN_23214,20260331,ACC_1050,104,Renewal,Annual Prepaid,12500,150000,83
TXN_23215,20251202,ACC_1352,104,New Business,Annual Prepaid,12500,150000,85
TXN_23216,20250704,ACC_1087,104,Expansion,Monthly Recurring,18750,225000,100
TXN_23217,20260529,ACC_1093,103,Expansion,Annual Prepaid,9998,119976,53
TXN_23218,20250919,ACC_1357,104,Expansion,Annual Prepaid,18750,225000,35
TXN_23219,20250710,ACC_1190,103,New Business,Annual Prepaid,4999,59988,154
TXN_23220,20251028,ACC_1091,104,New Business,Annual Prepaid,12500,150000,72
TXN_23221,20260323,ACC_1140,101,Renewal,Monthly Recurring,499,5988,116
TXN_23222,20250828,ACC_1097,103,New Business,Annual Prepaid,4999,59988,166
TXN_23223,20260822,ACC_1344,102,Contraction,Annual Prepaid,-599,-7188,127
TXN_23224,20260705,ACC_1054,104,Expansion,Annual Prepaid,18750,225000,241
TXN_23225,20260414,ACC_1132,102,Expansion,Monthly Recurring,2998,35976,115
TXN_23226,20260406,ACC_1219,101,Expansion,Monthly Recurring,998,11976,152
TXN_23227,20260929,ACC_1013,103,Expansion,Annual Prepaid,9998,119976,135
TXN_23228,20250218,ACC_1126,103,Renewal,Annual Prepaid,4999,59988,209
TXN_23229,20250413,ACC_1078,101,Renewal,Annual Prepaid,499,5988,35
TXN_23230,20250720,ACC_1324,102,New Business,Annual Prepaid,1499,17988,48
TXN_23231,20251025,ACC_1083,101,New Business,Annual Prepaid,499,5988,44
TXN_23232,20250418,ACC_1304,101,Expansion,Monthly Recurring,748,8976,110
TXN_23233,20250506,ACC_1224,102,Contraction,Annual Prepaid,-599,-7188,66
TXN_23234,20250516,ACC_1283,102,Expansion,Annual Prepaid,2248,26976,30
TXN_23235,20260205,ACC_1136,101,Expansion,Annual Prepaid,998,11976,127
TXN_23236,20250926,ACC_1116,101,New Business,Annual Prepaid,499,5988,223
TXN_23237,20250206,ACC_1319,102,New Business,Annual Prepaid,1499,17988,178
TXN_23238,20261007,ACC_1280,102,Expansion,Monthly Recurring,1873,22476,102
TXN_23239,20250913,ACC_1370,103,Contraction,Annual Prepaid,-1999,-23988,160
TXN_23240,20260127,ACC_1362,102,Expansion,Annual Prepaid,2248,26976,164
TXN_23241,20260731,ACC_1349,101,Expansion,Monthly Recurring,623,7476,123
TXN_23242,20250811,ACC_1340,101,Renewal,Monthly Recurring,499,5988,135
TXN_23243,20260111,ACC_1262,101,Expansion,Annual Prepaid,623,7476,138
TXN_23244,20251222,ACC_1024,101,Contraction,Annual Prepaid,-199,-2388,177
TXN_23245,20260831,ACC_1063,101,Contraction,Monthly Recurring,-199,-2388,39
TXN_23246,20260831,ACC_1055,101,Expansion,Annual Prepaid,998,11976,110
TXN_23247,20260422,ACC_1346,103,New Business,Annual Prepaid,4999,59988,109
TXN_23248,20250814,ACC_1181,104,Expansion,Monthly Recurring,25000,300000,231
TXN_23249,20260720,ACC_1016,101,Expansion,Annual Prepaid,748,8976,118
TXN_23250,20250724,ACC_1230,102,Contraction,Monthly Recurring,-599,-7188,107
TXN_23251,20260522,ACC_1333,103,New Business,Annual Prepaid,4999,59988,125
TXN_23252,20250309,ACC_1259,102,New Business,Annual Prepaid,1499,17988,224
TXN_23253,20251025,ACC_1218,101,Renewal,Annual Prepaid,499,5988,153
TXN_23254,20260115,ACC_1357,104,Expansion,Annual Prepaid,18750,225000,63
TXN_23255,20261028,ACC_1214,102,Expansion,Annual Prepaid,2248,26976,27
TXN_23256,20250614,ACC_1042,101,New Business,Monthly Recurring,499,5988,10
TXN_23257,20251020,ACC_1032,101,Renewal,Annual Prepaid,499,5988,193
TXN_23258,20260118,ACC_1177,101,Expansion,Monthly Recurring,748,8976,154
TXN_23259,20260128,ACC_1085,102,Expansion,Annual Prepaid,2998,35976,98
TXN_23260,20250906,ACC_1224,103,Expansion,Monthly Recurring,6248,74976,232
TXN_23261,20260627,ACC_1177,103,New Business,Monthly Recurring,4999,59988,105
TXN_23262,20260801,ACC_1320,103,New Business,Annual Prepaid,4999,59988,239
TXN_23263,20260818,ACC_1278,102,Expansion,Annual Prepaid,2248,26976,123
TXN_23264,20251218,ACC_1189,102,New Business,Annual Prepaid,1499,17988,109
TXN_23265,20260526,ACC_1337,102,Churn,Monthly Recurring,-1499,-17988,70
TXN_23266,20251108,ACC_1032,104,New Business,Annual Prepaid,12500,150000,71
TXN_23267,20250823,ACC_1178,102,Renewal,Annual Prepaid,1499,17988,137
TXN_23268,20251022,ACC_1054,102,New Business,Annual Prepaid,1499,17988,232
TXN_23269,20260805,ACC_1304,101,Renewal,Annual Prepaid,499,5988,235
TXN_23270,20250912,ACC_1290,103,Contraction,Annual Prepaid,-1999,-23988,73
TXN_23271,20260607,ACC_1089,103,Renewal,Annual Prepaid,4999,59988,40
TXN_23272,20250727,ACC_1338,102,Renewal,Monthly Recurring,1499,17988,108
TXN_23273,20260116,ACC_1065,101,Renewal,Annual Prepaid,499,5988,95
TXN_23274,20250201,ACC_1394,102,New Business,Annual Prepaid,1499,17988,238
TXN_23275,20260707,ACC_1026,102,Expansion,Annual Prepaid,1873,22476,102
TXN_23276,20260106,ACC_1198,103,New Business,Annual Prepaid,4999,59988,151
TXN_23277,20261013,ACC_1204,102,Expansion,Annual Prepaid,1873,22476,63
TXN_23278,20260617,ACC_1376,102,Expansion,Annual Prepaid,2248,26976,144
TXN_23279,20250202,ACC_1010,103,New Business,Monthly Recurring,4999,59988,195
TXN_23280,20260125,ACC_1101,101,Expansion,Annual Prepaid,623,7476,128
TXN_23281,20260607,ACC_1042,103,Expansion,Monthly Recurring,7498,89976,87
TXN_23282,20250528,ACC_1365,103,Expansion,Monthly Recurring,9998,119976,48
TXN_23283,20250429,ACC_1093,103,New Business,Annual Prepaid,4999,59988,33
TXN_23284,20250518,ACC_1030,104,Renewal,Annual Prepaid,12500,150000,140
TXN_23285,20251019,ACC_1292,102,New Business,Annual Prepaid,1499,17988,40
TXN_23286,20260410,ACC_1089,104,Contraction,Annual Prepaid,-5000,-60000,244
TXN_23287,20250311,ACC_1320,104,Renewal,Monthly Recurring,12500,150000,184
TXN_23288,20251003,ACC_1184,103,Expansion,Annual Prepaid,6248,74976,241
TXN_23289,20261025,ACC_1090,102,New Business,Monthly Recurring,1499,17988,156
TXN_23290,20251217,ACC_1269,101,Expansion,Annual Prepaid,998,11976,235
TXN_23291,20251221,ACC_1330,104,Expansion,Annual Prepaid,15625,187500,153
TXN_23292,20260127,ACC_1096,103,Churn,Annual Prepaid,-4999,-59988,158
TXN_23293,20251015,ACC_1064,102,Renewal,Annual Prepaid,1499,17988,166
TXN_23294,20260703,ACC_1105,102,Expansion,Monthly Recurring,2248,26976,243
TXN_23295,20250514,ACC_1043,103,New Business,Annual Prepaid,4999,59988,110
TXN_23296,20260710,ACC_1056,101,Expansion,Annual Prepaid,998,11976,143
TXN_23297,20261029,ACC_1073,103,Expansion,Annual Prepaid,7498,89976,204
TXN_23298,20250313,ACC_1384,101,New Business,Monthly Recurring,499,5988,190
TXN_23299,20260916,ACC_1013,101,Expansion,Annual Prepaid,748,8976,16
TXN_23300,20260517,ACC_1086,103,Contraction,Annual Prepaid,-1999,-23988,205
TXN_23301,20260427,ACC_1052,101,New Business,Monthly Recurring,499,5988,51
TXN_23302,20250927,ACC_1064,102,Expansion,Monthly Recurring,1873,22476,228
TXN_23303,20250101,ACC_1132,102,Expansion,Annual Prepaid,2998,35976,191
TXN_23304,20250523,ACC_1125,104,Renewal,Annual Prepaid,12500,150000,120
TXN_23305,20250211,ACC_1377,103,New Business,Annual Prepaid,4999,59988,248
TXN_23306,20260401,ACC_1041,101,Expansion,Annual Prepaid,998,11976,240
TXN_23307,20250221,ACC_1319,103,New Business,Annual Prepaid,4999,59988,237
TXN_23308,20250728,ACC_1343,101,Contraction,Annual Prepaid,-199,-2388,28
TXN_23309,20250730,ACC_1342,101,Contraction,Annual Prepaid,-199,-2388,7
TXN_23310,20260806,ACC_1002,104,New Business,Annual Prepaid,12500,150000,42
TXN_23311,20251104,ACC_1359,104,Renewal,Annual Prepaid,12500,150000,158
TXN_23312,20260809,ACC_1292,102,Contraction,Monthly Recurring,-599,-7188,189
TXN_23313,20260821,ACC_1353,101,Renewal,Annual Prepaid,499,5988,184
TXN_23314,20250214,ACC_1015,101,Contraction,Annual Prepaid,-199,-2388,160
TXN_23315,20260817,ACC_1187,102,Expansion,Annual Prepaid,1873,22476,139
TXN_23316,20250212,ACC_1345,101,New Business,Monthly Recurring,499,5988,183
TXN_23317,20250117,ACC_1023,103,Renewal,Annual Prepaid,4999,59988,62
TXN_23318,20260313,ACC_1086,103,Churn,Annual Prepaid,-4999,-59988,169
TXN_23319,20250125,ACC_1122,102,New Business,Monthly Recurring,1499,17988,67
TXN_23320,20250722,ACC_1230,102,New Business,Monthly Recurring,1499,17988,210
TXN_23321,20260304,ACC_1365,102,New Business,Monthly Recurring,1499,17988,73
TXN_23322,20260715,ACC_1358,102,Renewal,Monthly Recurring,1499,17988,79
TXN_23323,20260630,ACC_1075,101,New Business,Annual Prepaid,499,5988,169
TXN_23324,20260628,ACC_1352,104,New Business,Annual Prepaid,12500,150000,110
TXN_23325,20250922,ACC_1033,103,Renewal,Annual Prepaid,4999,59988,183
TXN_23326,20250616,ACC_1222,102,Expansion,Annual Prepaid,2998,35976,129
TXN_23327,20250411,ACC_1035,103,New Business,Monthly Recurring,4999,59988,171
TXN_23328,20260104,ACC_1156,104,New Business,Annual Prepaid,12500,150000,98
TXN_23329,20250219,ACC_1341,102,Renewal,Annual Prepaid,1499,17988,40
TXN_23330,20251125,ACC_1289,103,Churn,Monthly Recurring,-4999,-59988,225
TXN_23331,20250420,ACC_1279,102,New Business,Monthly Recurring,1499,17988,13
TXN_23332,20250509,ACC_1162,103,Renewal,Monthly Recurring,4999,59988,137
TXN_23333,20260719,ACC_1068,104,Contraction,Annual Prepaid,-5000,-60000,218
TXN_23334,20260803,ACC_1321,103,Renewal,Annual Prepaid,4999,59988,214
TXN_23335,20260718,ACC_1337,103,Expansion,Annual Prepaid,6248,74976,69
TXN_23336,20250612,ACC_1130,101,Renewal,Monthly Recurring,499,5988,156
TXN_23337,20260302,ACC_1350,104,Contraction,Annual Prepaid,-5000,-60000,54
TXN_23338,20260320,ACC_1255,102,Renewal,Annual Prepaid,1499,17988,16
TXN_23339,20250620,ACC_1177,103,Renewal,Annual Prepaid,4999,59988,101
TXN_23340,20250204,ACC_1203,102,Expansion,Annual Prepaid,1873,22476,76
TXN_23341,20261028,ACC_1026,101,Expansion,Annual Prepaid,623,7476,229
TXN_23342,20250307,ACC_1267,101,Contraction,Monthly Recurring,-199,-2388,214
TXN_23343,20260725,ACC_1153,104,Expansion,Monthly Recurring,18750,225000,72
TXN_23344,20251125,ACC_1012,103,Renewal,Annual Prepaid,4999,59988,10
TXN_23345,20251016,ACC_1015,102,New Business,Annual Prepaid,1499,17988,128
TXN_23346,20261023,ACC_1182,104,Expansion,Monthly Recurring,25000,300000,90
TXN_23347,20250901,ACC_1174,104,New Business,Annual Prepaid,12500,150000,143
TXN_23348,20250318,ACC_1303,103,Expansion,Annual Prepaid,7498,89976,149
TXN_23349,20260609,ACC_1038,101,New Business,Annual Prepaid,499,5988,182
TXN_23350,20251223,ACC_1267,101,Expansion,Monthly Recurring,748,8976,31
TXN_23351,20260203,ACC_1036,104,Expansion,Monthly Recurring,25000,300000,93
TXN_23352,20251029,ACC_1210,102,Expansion,Annual Prepaid,2998,35976,175
TXN_23353,20250105,ACC_1257,104,Expansion,Monthly Recurring,25000,300000,177
TXN_23354,20260210,ACC_1220,101,New Business,Monthly Recurring,499,5988,90
TXN_23355,20261110,ACC_1255,103,New Business,Annual Prepaid,4999,59988,206
TXN_23356,20250605,ACC_1090,101,New Business,Monthly Recurring,499,5988,192
TXN_23357,20260615,ACC_1188,102,New Business,Annual Prepaid,1499,17988,234
TXN_23358,20250410,ACC_1130,103,New Business,Monthly Recurring,4999,59988,47
TXN_23359,20251126,ACC_1017,102,Renewal,Annual Prepaid,1499,17988,71
TXN_23360,20251226,ACC_1051,104,Renewal,Annual Prepaid,12500,150000,112
TXN_23361,20250928,ACC_1231,103,Contraction,Monthly Recurring,-1999,-23988,131
TXN_23362,20250718,ACC_1046,104,Expansion,Monthly Recurring,18750,225000,138
TXN_23363,20260327,ACC_1186,103,New Business,Annual Prepaid,4999,59988,183
TXN_23364,20250806,ACC_1187,103,Expansion,Monthly Recurring,9998,119976,184
TXN_23365,20250217,ACC_1349,104,Expansion,Monthly Recurring,25000,300000,104
TXN_23366,20251006,ACC_1187,104,New Business,Annual Prepaid,12500,150000,171
TXN_23367,20250125,ACC_1122,101,New Business,Annual Prepaid,499,5988,33
TXN_23368,20250927,ACC_1323,101,New Business,Annual Prepaid,499,5988,148
TXN_23369,20260616,ACC_1274,103,Renewal,Annual Prepaid,4999,59988,121
TXN_23370,20261022,ACC_1173,104,Expansion,Annual Prepaid,25000,300000,240
TXN_23371,20260527,ACC_1167,104,Contraction,Annual Prepaid,-5000,-60000,179
TXN_23372,20250207,ACC_1159,104,Contraction,Annual Prepaid,-5000,-60000,202
TXN_23373,20250907,ACC_1136,104,Renewal,Annual Prepaid,12500,150000,92
TXN_23374,20250312,ACC_1085,101,Renewal,Annual Prepaid,499,5988,63
TXN_23375,20260106,ACC_1044,104,Renewal,Monthly Recurring,12500,150000,62
TXN_23376,20250903,ACC_1228,101,Renewal,Monthly Recurring,499,5988,247
TXN_23377,20260614,ACC_1158,104,Churn,Annual Prepaid,-12500,-150000,235
TXN_23378,20250906,ACC_1342,101,Expansion,Monthly Recurring,748,8976,24
TXN_23379,20251211,ACC_1382,104,Churn,Annual Prepaid,-12500,-150000,54
TXN_23380,20251109,ACC_1297,102,New Business,Annual Prepaid,1499,17988,238
TXN_23381,20260910,ACC_1391,101,Renewal,Annual Prepaid,499,5988,205
TXN_23382,20251220,ACC_1011,102,Expansion,Monthly Recurring,2998,35976,192
TXN_23383,20261109,ACC_1096,102,Expansion,Monthly Recurring,1873,22476,92
TXN_23384,20250302,ACC_1278,103,Expansion,Monthly Recurring,7498,89976,174
TXN_23385,20261013,ACC_1134,101,New Business,Monthly Recurring,499,5988,45
TXN_23386,20260821,ACC_1057,102,Expansion,Annual Prepaid,2998,35976,217
TXN_23387,20250725,ACC_1241,101,New Business,Annual Prepaid,499,5988,205
TXN_23388,20250417,ACC_1183,102,Expansion,Monthly Recurring,1873,22476,159
TXN_23389,20260224,ACC_1169,104,Renewal,Annual Prepaid,12500,150000,241
TXN_23390,20260729,ACC_1122,101,Expansion,Annual Prepaid,748,8976,199
TXN_23391,20250117,ACC_1080,102,Expansion,Monthly Recurring,2998,35976,207
TXN_23392,20260823,ACC_1202,103,Contraction,Annual Prepaid,-1999,-23988,189
TXN_23393,20260113,ACC_1300,104,New Business,Annual Prepaid,12500,150000,49
TXN_23394,20260213,ACC_1233,104,New Business,Annual Prepaid,12500,150000,49
TXN_23395,20260706,ACC_1371,103,Contraction,Annual Prepaid,-1999,-23988,45
TXN_23396,20260224,ACC_1376,101,Contraction,Annual Prepaid,-199,-2388,61
TXN_23397,20250923,ACC_1322,101,Expansion,Monthly Recurring,998,11976,248
TXN_23398,20250104,ACC_1292,102,Renewal,Annual Prepaid,1499,17988,115
TXN_23399,20260827,ACC_1091,101,Contraction,Monthly Recurring,-199,-2388,238
TXN_23400,20260710,ACC_1337,103,Churn,Annual Prepaid,-4999,-59988,148
TXN_23401,20250224,ACC_1101,101,New Business,Monthly Recurring,499,5988,83
TXN_23402,20260801,ACC_1077,104,Contraction,Annual Prepaid,-5000,-60000,203
TXN_23403,20251227,ACC_1266,101,New Business,Annual Prepaid,499,5988,67
TXN_23404,20251103,ACC_1171,103,New Business,Annual Prepaid,4999,59988,175
TXN_23405,20260129,ACC_1034,103,Expansion,Annual Prepaid,9998,119976,208
TXN_23406,20250114,ACC_1384,103,New Business,Monthly Recurring,4999,59988,208
TXN_23407,20260906,ACC_1379,104,Expansion,Annual Prepaid,18750,225000,166
TXN_23408,20251120,ACC_1104,102,Renewal,Annual Prepaid,1499,17988,248
TXN_23409,20250505,ACC_1071,102,New Business,Annual Prepaid,1499,17988,79
TXN_23410,20260306,ACC_1107,104,Renewal,Annual Prepaid,12500,150000,230
TXN_23411,20260308,ACC_1242,104,New Business,Annual Prepaid,12500,150000,95
TXN_23412,20250802,ACC_1377,104,Expansion,Annual Prepaid,15625,187500,29
TXN_23413,20251117,ACC_1100,101,Expansion,Annual Prepaid,748,8976,110
TXN_23414,20250814,ACC_1054,102,Churn,Annual Prepaid,-1499,-17988,178
TXN_23415,20260630,ACC_1015,104,Renewal,Monthly Recurring,12500,150000,103
TXN_23416,20250425,ACC_1210,103,New Business,Annual Prepaid,4999,59988,212
TXN_23417,20261025,ACC_1075,102,Expansion,Annual Prepaid,2998,35976,192
TXN_23418,20250615,ACC_1223,101,Renewal,Annual Prepaid,499,5988,102
TXN_23419,20260819,ACC_1268,102,Expansion,Monthly Recurring,1873,22476,113
TXN_23420,20250513,ACC_1027,102,Contraction,Annual Prepaid,-599,-7188,17
TXN_23421,20260911,ACC_1298,103,Renewal,Annual Prepaid,4999,59988,200
TXN_23422,20250722,ACC_1047,102,New Business,Annual Prepaid,1499,17988,238
TXN_23423,20250717,ACC_1268,101,Renewal,Annual Prepaid,499,5988,47
TXN_23424,20260905,ACC_1330,103,Renewal,Monthly Recurring,4999,59988,195
TXN_23425,20250820,ACC_1109,103,Expansion,Annual Prepaid,7498,89976,90
TXN_23426,20250318,ACC_1295,101,New Business,Annual Prepaid,499,5988,5
TXN_23427,20260725,ACC_1117,102,Expansion,Annual Prepaid,2998,35976,142
TXN_23428,20250908,ACC_1284,102,Churn,Annual Prepaid,-1499,-17988,110
TXN_23429,20260911,ACC_1180,102,New Business,Annual Prepaid,1499,17988,149
TXN_23430,20250909,ACC_1327,102,Expansion,Annual Prepaid,2248,26976,35
TXN_23431,20250322,ACC_1093,101,Expansion,Annual Prepaid,998,11976,52
TXN_23432,20250606,ACC_1074,102,New Business,Annual Prepaid,1499,17988,43
TXN_23433,20250428,ACC_1055,104,New Business,Annual Prepaid,12500,150000,79
TXN_23434,20260712,ACC_1065,101,Renewal,Monthly Recurring,499,5988,177
TXN_23435,20261010,ACC_1156,104,Churn,Annual Prepaid,-12500,-150000,191
TXN_23436,20260828,ACC_1116,101,Renewal,Annual Prepaid,499,5988,141
TXN_23437,20250223,ACC_1105,101,Expansion,Monthly Recurring,998,11976,186
TXN_23438,20250506,ACC_1144,101,Renewal,Monthly Recurring,499,5988,240
TXN_23439,20250923,ACC_1304,104,New Business,Annual Prepaid,12500,150000,136
TXN_23440,20260728,ACC_1346,103,New Business,Monthly Recurring,4999,59988,234
TXN_23441,20251011,ACC_1132,101,New Business,Annual Prepaid,499,5988,141
TXN_23442,20251230,ACC_1130,103,Contraction,Monthly Recurring,-1999,-23988,206
TXN_23443,20250116,ACC_1028,103,Renewal,Annual Prepaid,4999,59988,204
TXN_23444,20250829,ACC_1209,102,Contraction,Annual Prepaid,-599,-7188,52
TXN_23445,20250114,ACC_1305,101,Renewal,Monthly Recurring,499,5988,247
TXN_23446,20260907,ACC_1145,103,New Business,Annual Prepaid,4999,59988,169
TXN_23447,20260715,ACC_1064,102,Expansion,Monthly Recurring,2998,35976,59
TXN_23448,20251225,ACC_1341,103,New Business,Monthly Recurring,4999,59988,51
TXN_23449,20261002,ACC_1207,103,Expansion,Annual Prepaid,6248,74976,148
TXN_23450,20260907,ACC_1097,103,Contraction,Monthly Recurring,-1999,-23988,88
TXN_23451,20251112,ACC_1049,103,New Business,Monthly Recurring,4999,59988,130
TXN_23452,20260329,ACC_1282,103,New Business,Monthly Recurring,4999,59988,100
TXN_23453,20261022,ACC_1031,102,New Business,Annual Prepaid,1499,17988,243
TXN_23454,20260719,ACC_1354,101,Expansion,Annual Prepaid,623,7476,204
TXN_23455,20260716,ACC_1395,103,New Business,Annual Prepaid,4999,59988,154
TXN_23456,20251215,ACC_1301,101,Contraction,Monthly Recurring,-199,-2388,203
TXN_23457,20250609,ACC_1189,104,New Business,Monthly Recurring,12500,150000,191
TXN_23458,20260817,ACC_1096,104,New Business,Monthly Recurring,12500,150000,137
TXN_23459,20250422,ACC_1400,103,Renewal,Monthly Recurring,4999,59988,91
TXN_23460,20250518,ACC_1119,102,Renewal,Annual Prepaid,1499,17988,140
TXN_23461,20260417,ACC_1282,103,New Business,Monthly Recurring,4999,59988,134
TXN_23462,20260902,ACC_1201,104,Renewal,Annual Prepaid,12500,150000,77
TXN_23463,20260414,ACC_1366,102,New Business,Annual Prepaid,1499,17988,169
TXN_23464,20260505,ACC_1068,102,Expansion,Monthly Recurring,1873,22476,116
TXN_23465,20260727,ACC_1207,104,Expansion,Annual Prepaid,15625,187500,75
TXN_23466,20260408,ACC_1228,101,Renewal,Annual Prepaid,499,5988,38
TXN_23467,20250702,ACC_1236,103,New Business,Monthly Recurring,4999,59988,34
TXN_23468,20260223,ACC_1388,103,Expansion,Annual Prepaid,6248,74976,198
TXN_23469,20250122,ACC_1236,104,Expansion,Annual Prepaid,25000,300000,217
TXN_23470,20250329,ACC_1003,104,New Business,Annual Prepaid,12500,150000,223
TXN_23471,20250927,ACC_1201,101,Expansion,Annual Prepaid,998,11976,84
TXN_23472,20250705,ACC_1010,104,Expansion,Monthly Recurring,18750,225000,210
TXN_23473,20251224,ACC_1053,104,New Business,Annual Prepaid,12500,150000,102
TXN_23474,20250424,ACC_1241,101,New Business,Annual Prepaid,499,5988,245
TXN_23475,20251108,ACC_1156,104,New Business,Monthly Recurring,12500,150000,180
TXN_23476,20251026,ACC_1242,103,Expansion,Annual Prepaid,7498,89976,165
TXN_23477,20250131,ACC_1062,103,Contraction,Annual Prepaid,-1999,-23988,38
TXN_23478,20250704,ACC_1169,102,Renewal,Annual Prepaid,1499,17988,189
TXN_23479,20260714,ACC_1161,103,New Business,Annual Prepaid,4999,59988,83
TXN_23480,20250429,ACC_1400,102,New Business,Monthly Recurring,1499,17988,218
TXN_23481,20260515,ACC_1273,101,Expansion,Monthly Recurring,748,8976,12
TXN_23482,20250105,ACC_1370,101,Renewal,Annual Prepaid,499,5988,206
TXN_23483,20261027,ACC_1040,102,Renewal,Monthly Recurring,1499,17988,81
TXN_23484,20251001,ACC_1175,101,Renewal,Annual Prepaid,499,5988,138
TXN_23485,20250310,ACC_1221,102,Renewal,Annual Prepaid,1499,17988,191
TXN_23486,20260913,ACC_1373,102,New Business,Annual Prepaid,1499,17988,186
TXN_23487,20251024,ACC_1174,101,New Business,Annual Prepaid,499,5988,34
TXN_23488,20251218,ACC_1302,104,New Business,Annual Prepaid,12500,150000,65
TXN_23489,20250617,ACC_1225,101,Contraction,Annual Prepaid,-199,-2388,65
TXN_23490,20260925,ACC_1120,104,Renewal,Annual Prepaid,12500,150000,206
TXN_23491,20250111,ACC_1059,101,Expansion,Monthly Recurring,623,7476,50
TXN_23492,20251206,ACC_1310,104,New Business,Annual Prepaid,12500,150000,66
TXN_23493,20260920,ACC_1313,103,Expansion,Monthly Recurring,6248,74976,167
TXN_23494,20250130,ACC_1293,104,Expansion,Monthly Recurring,15625,187500,206
TXN_23495,20260324,ACC_1304,102,Renewal,Monthly Recurring,1499,17988,50
TXN_23496,20260925,ACC_1369,104,Renewal,Annual Prepaid,12500,150000,180
TXN_23497,20260411,ACC_1147,104,New Business,Monthly Recurring,12500,150000,91
TXN_23498,20260708,ACC_1040,102,Renewal,Annual Prepaid,1499,17988,128
TXN_23499,20260219,ACC_1145,101,Renewal,Annual Prepaid,499,5988,116
TXN_23500,20250828,ACC_1308,103,Renewal,Monthly Recurring,4999,59988,148
TXN_23501,20250619,ACC_1098,102,Expansion,Annual Prepaid,2998,35976,214
TXN_23502,20251206,ACC_1256,103,Renewal,Annual Prepaid,4999,59988,98
TXN_23503,20260701,ACC_1063,102,Expansion,Annual Prepaid,2998,35976,161
TXN_23504,20251007,ACC_1134,104,Renewal,Monthly Recurring,12500,150000,119
TXN_23505,20261022,ACC_1252,103,New Business,Monthly Recurring,4999,59988,195
TXN_23506,20260103,ACC_1344,102,Expansion,Monthly Recurring,2998,35976,88
TXN_23507,20250121,ACC_1150,101,New Business,Monthly Recurring,499,5988,31
TXN_23508,20251112,ACC_1102,103,New Business,Annual Prepaid,4999,59988,84
TXN_23509,20251224,ACC_1245,103,New Business,Annual Prepaid,4999,59988,34
TXN_23510,20261021,ACC_1022,103,Expansion,Monthly Recurring,7498,89976,95
TXN_23511,20251201,ACC_1072,101,Renewal,Monthly Recurring,499,5988,82
TXN_23512,20261012,ACC_1199,101,Expansion,Monthly Recurring,998,11976,162
TXN_23513,20251218,ACC_1153,104,Churn,Annual Prepaid,-12500,-150000,105
TXN_23514,20251219,ACC_1327,103,Expansion,Annual Prepaid,9998,119976,138
TXN_23515,20250915,ACC_1006,101,Renewal,Annual Prepaid,499,5988,193
TXN_23516,20260501,ACC_1147,102,Expansion,Annual Prepaid,2248,26976,74
TXN_23517,20250514,ACC_1276,103,New Business,Monthly Recurring,4999,59988,207
TXN_23518,20250425,ACC_1136,101,Churn,Annual Prepaid,-499,-5988,220
TXN_23519,20250310,ACC_1149,101,Expansion,Annual Prepaid,748,8976,20
TXN_23520,20250915,ACC_1390,102,Expansion,Monthly Recurring,1873,22476,118
TXN_23521,20260421,ACC_1380,102,Expansion,Monthly Recurring,2998,35976,133
TXN_23522,20260724,ACC_1165,101,Contraction,Annual Prepaid,-199,-2388,178
TXN_23523,20260603,ACC_1175,101,Expansion,Annual Prepaid,998,11976,7
TXN_23524,20251114,ACC_1178,102,Contraction,Annual Prepaid,-599,-7188,112
TXN_23525,20261109,ACC_1055,104,New Business,Monthly Recurring,12500,150000,70
TXN_23526,20260910,ACC_1136,102,Expansion,Monthly Recurring,2998,35976,195
TXN_23527,20250406,ACC_1079,102,New Business,Monthly Recurring,1499,17988,145
TXN_23528,20260514,ACC_1107,101,Renewal,Annual Prepaid,499,5988,218
TXN_23529,20260918,ACC_1151,104,Renewal,Annual Prepaid,12500,150000,98
TXN_23530,20260626,ACC_1141,102,New Business,Annual Prepaid,1499,17988,103
TXN_23531,20250330,ACC_1094,103,Renewal,Monthly Recurring,4999,59988,218
TXN_23532,20261004,ACC_1014,104,New Business,Monthly Recurring,12500,150000,185
TXN_23533,20260831,ACC_1387,101,Churn,Annual Prepaid,-499,-5988,195
TXN_23534,20250402,ACC_1321,103,Expansion,Annual Prepaid,7498,89976,155
TXN_23535,20250413,ACC_1317,103,Renewal,Annual Prepaid,4999,59988,120
TXN_23536,20250414,ACC_1347,104,New Business,Monthly Recurring,12500,150000,115
TXN_23537,20251029,ACC_1298,102,New Business,Annual Prepaid,1499,17988,19
TXN_23538,20251227,ACC_1263,101,Renewal,Annual Prepaid,499,5988,189
TXN_23539,20250506,ACC_1076,102,Renewal,Annual Prepaid,1499,17988,114
TXN_23540,20250810,ACC_1283,104,New Business,Annual Prepaid,12500,150000,146
TXN_23541,20260612,ACC_1394,102,New Business,Annual Prepaid,1499,17988,184
TXN_23542,20251218,ACC_1159,101,Contraction,Monthly Recurring,-199,-2388,194
TXN_23543,20260928,ACC_1205,101,Expansion,Monthly Recurring,998,11976,224
TXN_23544,20260223,ACC_1298,101,New Business,Monthly Recurring,499,5988,206
TXN_23545,20251223,ACC_1038,101,Expansion,Monthly Recurring,998,11976,80
TXN_23546,20250303,ACC_1007,102,Expansion,Annual Prepaid,2998,35976,112
TXN_23547,20260828,ACC_1135,103,Renewal,Annual Prepaid,4999,59988,63
TXN_23548,20260902,ACC_1187,103,New Business,Annual Prepaid,4999,59988,236
TXN_23549,20251226,ACC_1311,102,Renewal,Annual Prepaid,1499,17988,92
TXN_23550,20250524,ACC_1138,104,Expansion,Monthly Recurring,15625,187500,112
TXN_23551,20260120,ACC_1351,102,Renewal,Annual Prepaid,1499,17988,93
TXN_23552,20260903,ACC_1127,102,Renewal,Annual Prepaid,1499,17988,67
TXN_23553,20260525,ACC_1241,102,Expansion,Annual Prepaid,1873,22476,13
TXN_23554,20250110,ACC_1227,101,Expansion,Annual Prepaid,748,8976,190
TXN_23555,20260816,ACC_1293,104,New Business,Annual Prepaid,12500,150000,138
TXN_23556,20250111,ACC_1357,104,Expansion,Annual Prepaid,15625,187500,206
TXN_23557,20250322,ACC_1373,101,Contraction,Monthly Recurring,-199,-2388,64
TXN_23558,20250816,ACC_1221,102,New Business,Annual Prepaid,1499,17988,46
TXN_23559,20260521,ACC_1193,104,Expansion,Monthly Recurring,25000,300000,150
TXN_23560,20260409,ACC_1290,101,Expansion,Monthly Recurring,623,7476,20
TXN_23561,20250805,ACC_1375,102,New Business,Annual Prepaid,1499,17988,75
TXN_23562,20251230,ACC_1373,101,New Business,Annual Prepaid,499,5988,228
TXN_23563,20260623,ACC_1177,103,New Business,Monthly Recurring,4999,59988,89
TXN_23564,20251208,ACC_1196,104,New Business,Annual Prepaid,12500,150000,149
TXN_23565,20260930,ACC_1083,104,New Business,Monthly Recurring,12500,150000,102
TXN_23566,20250330,ACC_1051,104,Expansion,Annual Prepaid,15625,187500,93
TXN_23567,20251230,ACC_1348,104,Expansion,Annual Prepaid,15625,187500,231
TXN_23568,20250527,ACC_1119,101,New Business,Annual Prepaid,499,5988,187
TXN_23569,20260206,ACC_1376,101,Expansion,Annual Prepaid,748,8976,144
TXN_23570,20260315,ACC_1115,104,Expansion,Annual Prepaid,18750,225000,13
TXN_23571,20250312,ACC_1253,104,New Business,Annual Prepaid,12500,150000,149
TXN_23572,20260421,ACC_1090,102,Churn,Annual Prepaid,-1499,-17988,140
TXN_23573,20250527,ACC_1096,103,Renewal,Monthly Recurring,4999,59988,188
TXN_23574,20261014,ACC_1209,104,Renewal,Annual Prepaid,12500,150000,180
TXN_23575,20260415,ACC_1082,104,New Business,Annual Prepaid,12500,150000,28
TXN_23576,20250813,ACC_1061,103,New Business,Annual Prepaid,4999,59988,190
TXN_23577,20251207,ACC_1375,104,Expansion,Annual Prepaid,15625,187500,193
TXN_23578,20250220,ACC_1174,102,Renewal,Annual Prepaid,1499,17988,244
TXN_23579,20250617,ACC_1073,104,New Business,Annual Prepaid,12500,150000,217
TXN_23580,20250523,ACC_1230,103,Churn,Annual Prepaid,-4999,-59988,60
TXN_23581,20260913,ACC_1394,104,Expansion,Annual Prepaid,25000,300000,76
TXN_23582,20260718,ACC_1092,103,New Business,Annual Prepaid,4999,59988,186
TXN_23583,20260819,ACC_1303,103,Contraction,Annual Prepaid,-1999,-23988,54
TXN_23584,20260123,ACC_1289,101,New Business,Annual Prepaid,499,5988,37
TXN_23585,20250729,ACC_1265,101,Contraction,Annual Prepaid,-199,-2388,91
TXN_23586,20250115,ACC_1060,102,New Business,Annual Prepaid,1499,17988,229
TXN_23587,20261101,ACC_1210,103,Expansion,Annual Prepaid,6248,74976,118
TXN_23588,20260126,ACC_1314,104,New Business,Annual Prepaid,12500,150000,190
TXN_23589,20260604,ACC_1184,103,Renewal,Annual Prepaid,4999,59988,166
TXN_23590,20250929,ACC_1302,104,Expansion,Annual Prepaid,15625,187500,34
TXN_23591,20250521,ACC_1117,102,Expansion,Monthly Recurring,2998,35976,54
TXN_23592,20250323,ACC_1270,104,Renewal,Annual Prepaid,12500,150000,38
TXN_23593,20260408,ACC_1071,103,Renewal,Monthly Recurring,4999,59988,102
TXN_23594,20250906,ACC_1091,101,Contraction,Annual Prepaid,-199,-2388,191
TXN_23595,20260511,ACC_1060,101,Renewal,Annual Prepaid,499,5988,236
TXN_23596,20250210,ACC_1289,103,Contraction,Annual Prepaid,-1999,-23988,64
TXN_23597,20250609,ACC_1365,104,Expansion,Annual Prepaid,15625,187500,248
TXN_23598,20260901,ACC_1209,101,Expansion,Annual Prepaid,998,11976,75
TXN_23599,20261001,ACC_1274,103,Expansion,Monthly Recurring,6248,74976,184
TXN_23600,20261111,ACC_1267,102,New Business,Annual Prepaid,1499,17988,183
TXN_23601,20250105,ACC_1148,101,Renewal,Monthly Recurring,499,5988,247
TXN_23602,20260530,ACC_1324,104,Expansion,Annual Prepaid,25000,300000,104
TXN_23603,20260426,ACC_1083,104,Churn,Annual Prepaid,-12500,-150000,247
TXN_23604,20250721,ACC_1202,104,Expansion,Annual Prepaid,18750,225000,226
TXN_23605,20250801,ACC_1079,104,New Business,Monthly Recurring,12500,150000,137
TXN_23606,20260916,ACC_1301,102,Renewal,Monthly Recurring,1499,17988,221
TXN_23607,20250213,ACC_1112,101,New Business,Annual Prepaid,499,5988,77
TXN_23608,20260421,ACC_1261,103,Renewal,Annual Prepaid,4999,59988,20
TXN_23609,20250125,ACC_1150,104,Renewal,Monthly Recurring,12500,150000,65
TXN_23610,20251128,ACC_1018,102,New Business,Monthly Recurring,1499,17988,101
TXN_23611,20250612,ACC_1215,103,Expansion,Annual Prepaid,9998,119976,71
TXN_23612,20260816,ACC_1241,101,Expansion,Annual Prepaid,998,11976,154
TXN_23613,20260119,ACC_1102,102,New Business,Annual Prepaid,1499,17988,202
TXN_23614,20250208,ACC_1202,101,Churn,Annual Prepaid,-499,-5988,157
TXN_23615,20250325,ACC_1108,104,Expansion,Monthly Recurring,18750,225000,227
TXN_23616,20250614,ACC_1326,101,Expansion,Annual Prepaid,623,7476,22
TXN_23617,20260615,ACC_1386,102,New Business,Annual Prepaid,1499,17988,223
TXN_23618,20250611,ACC_1368,102,New Business,Annual Prepaid,1499,17988,101
TXN_23619,20260603,ACC_1083,104,Renewal,Monthly Recurring,12500,150000,203
TXN_23620,20250118,ACC_1112,101,Expansion,Annual Prepaid,623,7476,126
TXN_23621,20251204,ACC_1281,102,New Business,Annual Prepaid,1499,17988,103
TXN_23622,20251117,ACC_1360,102,Churn,Annual Prepaid,-1499,-17988,157
TXN_23623,20250722,ACC_1181,104,Contraction,Annual Prepaid,-5000,-60000,152
TXN_23624,20251014,ACC_1384,101,Expansion,Annual Prepaid,623,7476,84
TXN_23625,20260427,ACC_1092,101,Renewal,Annual Prepaid,499,5988,33
TXN_23626,20260711,ACC_1259,102,Expansion,Annual Prepaid,1873,22476,115
TXN_23627,20260907,ACC_1210,103,Churn,Annual Prepaid,-4999,-59988,172
TXN_23628,20250129,ACC_1220,101,New Business,Monthly Recurring,499,5988,234
TXN_23629,20250819,ACC_1212,102,Expansion,Monthly Recurring,2248,26976,185
TXN_23630,20250923,ACC_1232,104,Expansion,Monthly Recurring,18750,225000,35
TXN_23631,20260307,ACC_1347,104,New Business,Annual Prepaid,12500,150000,5
TXN_23632,20250330,ACC_1207,103,Renewal,Monthly Recurring,4999,59988,126
TXN_23633,20261007,ACC_1116,104,New Business,Annual Prepaid,12500,150000,15
TXN_23634,20250301,ACC_1218,102,Contraction,Annual Prepaid,-599,-7188,171
TXN_23635,20250402,ACC_1165,103,New Business,Monthly Recurring,4999,59988,37
TXN_23636,20250222,ACC_1075,101,New Business,Annual Prepaid,499,5988,71
TXN_23637,20260211,ACC_1399,101,Renewal,Annual Prepaid,499,5988,124
TXN_23638,20250514,ACC_1392,102,New Business,Monthly Recurring,1499,17988,182
TXN_23639,20260314,ACC_1166,102,Renewal,Monthly Recurring,1499,17988,160
TXN_23640,20260407,ACC_1236,104,New Business,Annual Prepaid,12500,150000,185
TXN_23641,20260210,ACC_1145,103,Renewal,Annual Prepaid,4999,59988,191
TXN_23642,20260609,ACC_1336,104,Renewal,Monthly Recurring,12500,150000,168
TXN_23643,20250119,ACC_1266,104,New Business,Annual Prepaid,12500,150000,136
TXN_23644,20250206,ACC_1103,103,Contraction,Monthly Recurring,-1999,-23988,39
TXN_23645,20260205,ACC_1362,103,New Business,Monthly Recurring,4999,59988,99
TXN_23646,20250614,ACC_1006,101,Expansion,Annual Prepaid,623,7476,127
TXN_23647,20260818,ACC_1129,101,Expansion,Monthly Recurring,623,7476,80
TXN_23648,20260208,ACC_1104,104,Renewal,Annual Prepaid,12500,150000,148
TXN_23649,20261023,ACC_1254,102,Expansion,Annual Prepaid,2248,26976,151
TXN_23650,20250908,ACC_1025,103,Expansion,Annual Prepaid,7498,89976,174
TXN_23651,20261008,ACC_1175,103,Contraction,Annual Prepaid,-1999,-23988,198
TXN_23652,20260813,ACC_1362,101,Expansion,Annual Prepaid,748,8976,238
TXN_23653,20250218,ACC_1062,102,Contraction,Annual Prepaid,-599,-7188,9
TXN_23654,20260508,ACC_1179,101,New Business,Annual Prepaid,499,5988,64
TXN_23655,20250618,ACC_1302,104,Renewal,Monthly Recurring,12500,150000,17
TXN_23656,20250803,ACC_1364,104,Expansion,Monthly Recurring,25000,300000,55
TXN_23657,20251017,ACC_1118,104,New Business,Annual Prepaid,12500,150000,52
TXN_23658,20260706,ACC_1360,103,New Business,Annual Prepaid,4999,59988,146
TXN_23659,20260518,ACC_1352,103,New Business,Annual Prepaid,4999,59988,115
TXN_23660,20251012,ACC_1400,101,Expansion,Annual Prepaid,748,8976,186
TXN_23661,20250111,ACC_1258,103,Churn,Annual Prepaid,-4999,-59988,8
TXN_23662,20250116,ACC_1393,104,Contraction,Monthly Recurring,-5000,-60000,248
TXN_23663,20250613,ACC_1086,103,Expansion,Annual Prepaid,7498,89976,93
TXN_23664,20260713,ACC_1238,102,Expansion,Annual Prepaid,2998,35976,247
TXN_23665,20250611,ACC_1237,104,Renewal,Annual Prepaid,12500,150000,65
TXN_23666,20250317,ACC_1085,103,Expansion,Annual Prepaid,6248,74976,134
TXN_23667,20260826,ACC_1138,102,New Business,Annual Prepaid,1499,17988,206
TXN_23668,20261106,ACC_1253,101,New Business,Annual Prepaid,499,5988,76
TXN_23669,20260911,ACC_1238,104,Renewal,Annual Prepaid,12500,150000,32
TXN_23670,20250531,ACC_1198,104,Expansion,Annual Prepaid,18750,225000,220
TXN_23671,20251225,ACC_1315,104,Contraction,Monthly Recurring,-5000,-60000,51
TXN_23672,20250611,ACC_1098,103,New Business,Annual Prepaid,4999,59988,51
TXN_23673,20260305,ACC_1330,103,New Business,Monthly Recurring,4999,59988,79
TXN_23674,20250701,ACC_1162,101,Contraction,Monthly Recurring,-199,-2388,126
TXN_23675,20260821,ACC_1277,101,Expansion,Annual Prepaid,998,11976,184
TXN_23676,20261111,ACC_1279,101,New Business,Annual Prepaid,499,5988,32
TXN_23677,20250225,ACC_1395,104,Contraction,Annual Prepaid,-5000,-60000,39
TXN_23678,20261021,ACC_1209,101,Renewal,Annual Prepaid,499,5988,85
TXN_23679,20250101,ACC_1050,103,New Business,Monthly Recurring,4999,59988,142
TXN_23680,20250611,ACC_1136,102,Expansion,Annual Prepaid,2998,35976,247
TXN_23681,20250325,ACC_1129,104,Renewal,Monthly Recurring,12500,150000,73
TXN_23682,20260607,ACC_1145,101,New Business,Annual Prepaid,499,5988,235
TXN_23683,20250113,ACC_1147,103,Renewal,Annual Prepaid,4999,59988,6
TXN_23684,20250713,ACC_1210,104,Expansion,Monthly Recurring,15625,187500,217
TXN_23685,20260327,ACC_1279,104,Contraction,Monthly Recurring,-5000,-60000,129
TXN_23686,20250423,ACC_1367,103,New Business,Annual Prepaid,4999,59988,8
TXN_23687,20260825,ACC_1118,103,Renewal,Monthly Recurring,4999,59988,96
TXN_23688,20250322,ACC_1155,103,Renewal,Monthly Recurring,4999,59988,201
TXN_23689,20250922,ACC_1080,103,New Business,Annual Prepaid,4999,59988,236
TXN_23690,20250601,ACC_1050,104,Expansion,Monthly Recurring,25000,300000,29
TXN_23691,20261027,ACC_1244,103,New Business,Annual Prepaid,4999,59988,143
TXN_23692,20250421,ACC_1108,101,New Business,Annual Prepaid,499,5988,231
TXN_23693,20250426,ACC_1011,103,Expansion,Annual Prepaid,6248,74976,29
TXN_23694,20251218,ACC_1349,104,New Business,Monthly Recurring,12500,150000,220
TXN_23695,20260925,ACC_1021,103,Expansion,Annual Prepaid,9998,119976,174
TXN_23696,20251126,ACC_1077,101,Contraction,Annual Prepaid,-199,-2388,220
TXN_23697,20260802,ACC_1190,103,Churn,Annual Prepaid,-4999,-59988,244
TXN_23698,20260126,ACC_1094,101,New Business,Monthly Recurring,499,5988,186
TXN_23699,20261029,ACC_1267,104,New Business,Monthly Recurring,12500,150000,97
TXN_23700,20260227,ACC_1139,103,Contraction,Monthly Recurring,-1999,-23988,218
TXN_23701,20261107,ACC_1267,103,Expansion,Annual Prepaid,6248,74976,111
TXN_23702,20250506,ACC_1060,104,Churn,Monthly Recurring,-12500,-150000,188
TXN_23703,20250306,ACC_1221,102,Renewal,Monthly Recurring,1499,17988,162
TXN_23704,20250709,ACC_1076,103,New Business,Monthly Recurring,4999,59988,111
TXN_23705,20250621,ACC_1374,104,New Business,Monthly Recurring,12500,150000,193
TXN_23706,20250224,ACC_1149,102,Expansion,Monthly Recurring,2998,35976,129
TXN_23707,20260129,ACC_1093,104,Expansion,Annual Prepaid,15625,187500,181
TXN_23708,20250326,ACC_1163,102,Churn,Monthly Recurring,-1499,-17988,217
TXN_23709,20260120,ACC_1304,103,Renewal,Monthly Recurring,4999,59988,26
TXN_23710,20250927,ACC_1143,104,Contraction,Monthly Recurring,-5000,-60000,44
TXN_23711,20261108,ACC_1098,104,Expansion,Annual Prepaid,18750,225000,85
TXN_23712,20260830,ACC_1113,102,New Business,Annual Prepaid,1499,17988,138
TXN_23713,20260503,ACC_1124,104,Expansion,Annual Prepaid,25000,300000,191
TXN_23714,20250326,ACC_1013,101,New Business,Annual Prepaid,499,5988,60
TXN_23715,20260103,ACC_1172,101,Churn,Annual Prepaid,-499,-5988,57
TXN_23716,20260301,ACC_1357,104,New Business,Annual Prepaid,12500,150000,172
TXN_23717,20260408,ACC_1307,102,New Business,Monthly Recurring,1499,17988,150
TXN_23718,20250617,ACC_1276,101,New Business,Monthly Recurring,499,5988,91
TXN_23719,20260902,ACC_1154,101,Expansion,Monthly Recurring,998,11976,66
TXN_23720,20250919,ACC_1274,102,New Business,Annual Prepaid,1499,17988,191
TXN_23721,20251216,ACC_1262,103,Renewal,Annual Prepaid,4999,59988,217
TXN_23722,20250818,ACC_1169,104,Expansion,Annual Prepaid,25000,300000,29
TXN_23723,20250513,ACC_1007,102,Expansion,Annual Prepaid,2248,26976,37
TXN_23724,20251117,ACC_1079,103,Expansion,Annual Prepaid,9998,119976,203
TXN_23725,20250820,ACC_1297,102,New Business,Annual Prepaid,1499,17988,42
TXN_23726,20250412,ACC_1035,102,New Business,Monthly Recurring,1499,17988,89
TXN_23727,20251024,ACC_1397,101,Expansion,Annual Prepaid,748,8976,162
TXN_23728,20250123,ACC_1400,104,Contraction,Annual Prepaid,-5000,-60000,234
TXN_23729,20251101,ACC_1309,104,New Business,Annual Prepaid,12500,150000,158
TXN_23730,20251207,ACC_1013,104,Expansion,Monthly Recurring,15625,187500,171
TXN_23731,20250407,ACC_1197,102,Renewal,Monthly Recurring,1499,17988,81
TXN_23732,20260102,ACC_1237,104,Expansion,Annual Prepaid,18750,225000,218
TXN_23733,20251125,ACC_1252,102,Renewal,Annual Prepaid,1499,17988,178
TXN_23734,20260608,ACC_1187,102,Renewal,Annual Prepaid,1499,17988,179
TXN_23735,20260409,ACC_1001,103,New Business,Annual Prepaid,4999,59988,97
TXN_23736,20260424,ACC_1396,104,Expansion,Annual Prepaid,25000,300000,101
TXN_23737,20250129,ACC_1256,103,Expansion,Annual Prepaid,6248,74976,55
TXN_23738,20260702,ACC_1364,102,Expansion,Monthly Recurring,2998,35976,105
TXN_23739,20251215,ACC_1107,101,New Business,Annual Prepaid,499,5988,80
TXN_23740,20260811,ACC_1227,104,Expansion,Annual Prepaid,15625,187500,104
TXN_23741,20250318,ACC_1210,102,New Business,Annual Prepaid,1499,17988,202
TXN_23742,20250417,ACC_1310,103,New Business,Annual Prepaid,4999,59988,32
TXN_23743,20260617,ACC_1192,101,New Business,Annual Prepaid,499,5988,31
TXN_23744,20260723,ACC_1077,102,Expansion,Annual Prepaid,2998,35976,225
TXN_23745,20250607,ACC_1064,104,Expansion,Annual Prepaid,25000,300000,135
TXN_23746,20260131,ACC_1256,101,New Business,Annual Prepaid,499,5988,128
TXN_23747,20260201,ACC_1349,101,New Business,Annual Prepaid,499,5988,165
TXN_23748,20250921,ACC_1050,103,Renewal,Annual Prepaid,4999,59988,47
TXN_23749,20251120,ACC_1187,102,Expansion,Annual Prepaid,2998,35976,127
TXN_23750,20261028,ACC_1386,103,Renewal,Annual Prepaid,4999,59988,13
TXN_23751,20260422,ACC_1235,101,Expansion,Annual Prepaid,623,7476,99
TXN_23752,20250609,ACC_1221,101,Expansion,Annual Prepaid,748,8976,140
TXN_23753,20260805,ACC_1066,101,New Business,Annual Prepaid,499,5988,71
TXN_23754,20251125,ACC_1235,103,Renewal,Annual Prepaid,4999,59988,175
TXN_23755,20250721,ACC_1110,102,Renewal,Annual Prepaid,1499,17988,10
TXN_23756,20261104,ACC_1181,102,Expansion,Annual Prepaid,2998,35976,39
TXN_23757,20250911,ACC_1045,102,New Business,Monthly Recurring,1499,17988,217
TXN_23758,20260228,ACC_1313,104,New Business,Monthly Recurring,12500,150000,34
TXN_23759,20260826,ACC_1007,101,Churn,Annual Prepaid,-499,-5988,173
TXN_23760,20260602,ACC_1150,104,New Business,Annual Prepaid,12500,150000,99
TXN_23761,20250802,ACC_1066,102,Contraction,Monthly Recurring,-599,-7188,102
TXN_23762,20251102,ACC_1327,102,Contraction,Annual Prepaid,-599,-7188,128
TXN_23763,20260625,ACC_1225,104,Renewal,Annual Prepaid,12500,150000,105
TXN_23764,20260512,ACC_1366,104,New Business,Monthly Recurring,12500,150000,147
TXN_23765,20261107,ACC_1326,104,New Business,Annual Prepaid,12500,150000,61
TXN_23766,20251021,ACC_1117,104,Expansion,Annual Prepaid,15625,187500,67
TXN_23767,20250510,ACC_1267,104,Churn,Annual Prepaid,-12500,-150000,186
TXN_23768,20260219,ACC_1045,104,Expansion,Monthly Recurring,15625,187500,159
TXN_23769,20250620,ACC_1105,101,Renewal,Monthly Recurring,499,5988,103
TXN_23770,20250324,ACC_1161,103,New Business,Monthly Recurring,4999,59988,177
TXN_23771,20250714,ACC_1282,102,Renewal,Monthly Recurring,1499,17988,17
TXN_23772,20250209,ACC_1249,101,Expansion,Annual Prepaid,623,7476,21
TXN_23773,20261108,ACC_1137,101,New Business,Monthly Recurring,499,5988,29
TXN_23774,20260823,ACC_1223,102,New Business,Annual Prepaid,1499,17988,174
TXN_23775,20260122,ACC_1303,104,Expansion,Monthly Recurring,25000,300000,115
TXN_23776,20261009,ACC_1090,101,Renewal,Annual Prepaid,499,5988,170
TXN_23777,20250222,ACC_1182,103,Expansion,Monthly Recurring,7498,89976,164
TXN_23778,20260110,ACC_1356,101,New Business,Monthly Recurring,499,5988,150
TXN_23779,20260103,ACC_1257,101,Expansion,Annual Prepaid,748,8976,133
TXN_23780,20251220,ACC_1223,104,Renewal,Annual Prepaid,12500,150000,74
TXN_23781,20250322,ACC_1092,103,New Business,Annual Prepaid,4999,59988,183
TXN_23782,20260201,ACC_1024,104,Renewal,Monthly Recurring,12500,150000,152
TXN_23783,20250510,ACC_1123,104,Contraction,Monthly Recurring,-5000,-60000,64
TXN_23784,20261019,ACC_1217,104,Expansion,Annual Prepaid,15625,187500,9
TXN_23785,20251021,ACC_1118,104,Renewal,Monthly Recurring,12500,150000,190
TXN_23786,20250520,ACC_1365,104,Contraction,Annual Prepaid,-5000,-60000,99
TXN_23787,20260312,ACC_1147,101,Expansion,Annual Prepaid,623,7476,246
TXN_23788,20260208,ACC_1060,102,New Business,Monthly Recurring,1499,17988,118
TXN_23789,20251012,ACC_1103,104,Expansion,Annual Prepaid,15625,187500,63
TXN_23790,20250408,ACC_1086,104,New Business,Annual Prepaid,12500,150000,237
TXN_23791,20250123,ACC_1372,103,Contraction,Annual Prepaid,-1999,-23988,217
TXN_23792,20260805,ACC_1092,101,New Business,Annual Prepaid,499,5988,137
TXN_23793,20251004,ACC_1247,102,Renewal,Annual Prepaid,1499,17988,27
TXN_23794,20250219,ACC_1200,103,Contraction,Annual Prepaid,-1999,-23988,224
TXN_23795,20260401,ACC_1020,104,Expansion,Annual Prepaid,25000,300000,127
TXN_23796,20251008,ACC_1341,102,Churn,Annual Prepaid,-1499,-17988,141
TXN_23797,20260128,ACC_1338,104,Renewal,Annual Prepaid,12500,150000,166
TXN_23798,20250722,ACC_1263,103,Churn,Annual Prepaid,-4999,-59988,226
TXN_23799,20260603,ACC_1052,101,Expansion,Monthly Recurring,998,11976,126
TXN_23800,20250915,ACC_1277,104,Expansion,Annual Prepaid,15625,187500,177
TXN_23801,20261014,ACC_1045,104,New Business,Monthly Recurring,12500,150000,36
TXN_23802,20250303,ACC_1274,101,New Business,Annual Prepaid,499,5988,187
TXN_23803,20251220,ACC_1069,102,Expansion,Annual Prepaid,2998,35976,161
TXN_23804,20260128,ACC_1100,101,Expansion,Monthly Recurring,998,11976,195
TXN_23805,20260609,ACC_1212,102,New Business,Annual Prepaid,1499,17988,185
TXN_23806,20250212,ACC_1017,103,Contraction,Monthly Recurring,-1999,-23988,216
TXN_23807,20251011,ACC_1203,102,Renewal,Annual Prepaid,1499,17988,98
TXN_23808,20260826,ACC_1225,101,New Business,Monthly Recurring,499,5988,29
TXN_23809,20250522,ACC_1019,103,Renewal,Annual Prepaid,4999,59988,46
TXN_23810,20260108,ACC_1193,103,Expansion,Monthly Recurring,9998,119976,183
TXN_23811,20250522,ACC_1208,103,New Business,Annual Prepaid,4999,59988,59
TXN_23812,20251230,ACC_1222,101,Expansion,Annual Prepaid,623,7476,117
TXN_23813,20260821,ACC_1181,103,Renewal,Monthly Recurring,4999,59988,147
TXN_23814,20250103,ACC_1039,103,Contraction,Annual Prepaid,-1999,-23988,154
TXN_23815,20251114,ACC_1067,101,Churn,Annual Prepaid,-499,-5988,99
TXN_23816,20261018,ACC_1107,104,Contraction,Annual Prepaid,-5000,-60000,123
TXN_23817,20250401,ACC_1052,101,Expansion,Monthly Recurring,998,11976,100
TXN_23818,20250212,ACC_1109,104,Contraction,Annual Prepaid,-5000,-60000,97
TXN_23819,20260713,ACC_1174,104,Expansion,Annual Prepaid,18750,225000,157
TXN_23820,20250405,ACC_1041,103,Expansion,Annual Prepaid,6248,74976,41
TXN_23821,20260718,ACC_1171,102,New Business,Monthly Recurring,1499,17988,186
TXN_23822,20260503,ACC_1187,102,New Business,Annual Prepaid,1499,17988,96
TXN_23823,20260903,ACC_1139,104,Expansion,Annual Prepaid,25000,300000,203
TXN_23824,20250921,ACC_1303,103,New Business,Annual Prepaid,4999,59988,48
TXN_23825,20260414,ACC_1291,104,New Business,Annual Prepaid,12500,150000,198
TXN_23826,20250827,ACC_1270,102,Renewal,Annual Prepaid,1499,17988,156
TXN_23827,20260131,ACC_1049,103,New Business,Annual Prepaid,4999,59988,79
TXN_23828,20260105,ACC_1098,103,Expansion,Monthly Recurring,6248,74976,57
TXN_23829,20260910,ACC_1117,104,New Business,Annual Prepaid,12500,150000,198
TXN_23830,20251216,ACC_1239,104,Expansion,Annual Prepaid,25000,300000,80
TXN_23831,20250108,ACC_1003,101,New Business,Annual Prepaid,499,5988,34
TXN_23832,20260112,ACC_1399,102,Contraction,Annual Prepaid,-599,-7188,162
TXN_23833,20250205,ACC_1371,101,Renewal,Annual Prepaid,499,5988,210
TXN_23834,20260503,ACC_1296,102,Renewal,Annual Prepaid,1499,17988,150
TXN_23835,20260727,ACC_1356,104,Expansion,Annual Prepaid,25000,300000,35
TXN_23836,20250903,ACC_1321,103,New Business,Monthly Recurring,4999,59988,7
TXN_23837,20260728,ACC_1093,103,Renewal,Annual Prepaid,4999,59988,8
TXN_23838,20261110,ACC_1237,101,Expansion,Monthly Recurring,998,11976,216
TXN_23839,20250914,ACC_1130,102,New Business,Annual Prepaid,1499,17988,180
TXN_23840,20250119,ACC_1394,101,New Business,Monthly Recurring,499,5988,38
TXN_23841,20260930,ACC_1288,104,Renewal,Annual Prepaid,12500,150000,138
TXN_23842,20261009,ACC_1397,103,Contraction,Monthly Recurring,-1999,-23988,217
TXN_23843,20250429,ACC_1321,102,Contraction,Annual Prepaid,-599,-7188,33
TXN_23844,20251222,ACC_1227,103,Churn,Annual Prepaid,-4999,-59988,69
TXN_23845,20260717,ACC_1151,103,Contraction,Monthly Recurring,-1999,-23988,248
TXN_23846,20260629,ACC_1237,102,Expansion,Monthly Recurring,2998,35976,48
TXN_23847,20260613,ACC_1007,104,New Business,Annual Prepaid,12500,150000,114
TXN_23848,20260426,ACC_1286,102,Contraction,Annual Prepaid,-599,-7188,195
TXN_23849,20251227,ACC_1075,103,New Business,Annual Prepaid,4999,59988,199
TXN_23850,20250121,ACC_1097,103,Renewal,Monthly Recurring,4999,59988,68
TXN_23851,20260813,ACC_1124,101,New Business,Annual Prepaid,499,5988,203
TXN_23852,20251129,ACC_1360,102,Renewal,Monthly Recurring,1499,17988,207
TXN_23853,20260301,ACC_1130,101,New Business,Annual Prepaid,499,5988,173
TXN_23854,20250709,ACC_1318,102,New Business,Monthly Recurring,1499,17988,182
TXN_23855,20260320,ACC_1052,101,Expansion,Annual Prepaid,748,8976,212
TXN_23856,20261105,ACC_1054,103,Renewal,Annual Prepaid,4999,59988,227
TXN_23857,20260520,ACC_1081,104,New Business,Monthly Recurring,12500,150000,71
TXN_23858,20251025,ACC_1234,102,Expansion,Monthly Recurring,1873,22476,186
TXN_23859,20251021,ACC_1180,104,Renewal,Annual Prepaid,12500,150000,219
TXN_23860,20260415,ACC_1175,101,Expansion,Annual Prepaid,623,7476,229
TXN_23861,20250327,ACC_1114,102,New Business,Monthly Recurring,1499,17988,93
TXN_23862,20250525,ACC_1390,101,New Business,Monthly Recurring,499,5988,171
TXN_23863,20250309,ACC_1054,102,Renewal,Monthly Recurring,1499,17988,81
TXN_23864,20260516,ACC_1027,104,Expansion,Annual Prepaid,25000,300000,246
TXN_23865,20250415,ACC_1359,101,New Business,Annual Prepaid,499,5988,223
TXN_23866,20250508,ACC_1170,102,Renewal,Monthly Recurring,1499,17988,80
TXN_23867,20250307,ACC_1035,102,Expansion,Annual Prepaid,2998,35976,152
TXN_23868,20261010,ACC_1213,102,New Business,Annual Prepaid,1499,17988,22
TXN_23869,20261012,ACC_1125,102,New Business,Annual Prepaid,1499,17988,30
TXN_23870,20250512,ACC_1303,102,New Business,Monthly Recurring,1499,17988,156
TXN_23871,20260324,ACC_1386,104,Churn,Annual Prepaid,-12500,-150000,47
TXN_23872,20260322,ACC_1182,101,Expansion,Annual Prepaid,748,8976,205
TXN_23873,20260324,ACC_1396,104,Churn,Annual Prepaid,-12500,-150000,200
TXN_23874,20260605,ACC_1142,103,Expansion,Monthly Recurring,6248,74976,243
TXN_23875,20250511,ACC_1362,101,Expansion,Monthly Recurring,623,7476,144
TXN_23876,20260308,ACC_1054,101,New Business,Monthly Recurring,499,5988,147
TXN_23877,20250623,ACC_1296,104,Renewal,Monthly Recurring,12500,150000,145
TXN_23878,20250302,ACC_1027,101,New Business,Monthly Recurring,499,5988,144
TXN_23879,20250131,ACC_1157,101,New Business,Monthly Recurring,499,5988,207
TXN_23880,20260325,ACC_1033,102,Expansion,Annual Prepaid,2998,35976,151
TXN_23881,20250825,ACC_1228,102,Contraction,Annual Prepaid,-599,-7188,144
TXN_23882,20251227,ACC_1190,104,Churn,Monthly Recurring,-12500,-150000,156
TXN_23883,20260613,ACC_1223,104,Renewal,Annual Prepaid,12500,150000,236
TXN_23884,20260426,ACC_1358,103,New Business,Monthly Recurring,4999,59988,183
TXN_23885,20250116,ACC_1077,103,New Business,Annual Prepaid,4999,59988,42
TXN_23886,20260712,ACC_1171,104,Expansion,Annual Prepaid,15625,187500,238
TXN_23887,20250918,ACC_1296,104,New Business,Monthly Recurring,12500,150000,90
TXN_23888,20250615,ACC_1022,102,New Business,Annual Prepaid,1499,17988,123
TXN_23889,20260624,ACC_1129,102,Renewal,Annual Prepaid,1499,17988,192
TXN_23890,20260929,ACC_1231,102,Expansion,Monthly Recurring,2248,26976,65
TXN_23891,20250710,ACC_1217,102,Expansion,Annual Prepaid,2998,35976,177
TXN_23892,20250712,ACC_1167,102,Renewal,Monthly Recurring,1499,17988,242
TXN_23893,20250227,ACC_1230,101,Expansion,Annual Prepaid,623,7476,242
TXN_23894,20250807,ACC_1307,103,Expansion,Annual Prepaid,6248,74976,115
TXN_23895,20250813,ACC_1013,103,Expansion,Annual Prepaid,9998,119976,71
TXN_23896,20250703,ACC_1297,101,Expansion,Annual Prepaid,623,7476,48
TXN_23897,20260614,ACC_1306,103,Renewal,Monthly Recurring,4999,59988,55
TXN_23898,20260429,ACC_1259,102,New Business,Annual Prepaid,1499,17988,32
TXN_23899,20260707,ACC_1038,104,Contraction,Annual Prepaid,-5000,-60000,40
TXN_23900,20260801,ACC_1107,102,New Business,Monthly Recurring,1499,17988,204
TXN_23901,20251214,ACC_1335,101,Expansion,Annual Prepaid,748,8976,37
TXN_23902,20260716,ACC_1399,103,Renewal,Monthly Recurring,4999,59988,41
TXN_23903,20250414,ACC_1059,104,New Business,Annual Prepaid,12500,150000,83
TXN_23904,20260920,ACC_1037,101,New Business,Annual Prepaid,499,5988,88
TXN_23905,20260102,ACC_1259,104,New Business,Annual Prepaid,12500,150000,39
TXN_23906,20250905,ACC_1096,103,New Business,Monthly Recurring,4999,59988,194
TXN_23907,20260324,ACC_1092,104,Expansion,Annual Prepaid,25000,300000,169
TXN_23908,20250421,ACC_1124,104,Renewal,Annual Prepaid,12500,150000,17
TXN_23909,20250719,ACC_1263,104,Expansion,Annual Prepaid,18750,225000,169
TXN_23910,20260619,ACC_1226,104,Renewal,Monthly Recurring,12500,150000,131
TXN_23911,20261013,ACC_1044,101,Expansion,Annual Prepaid,748,8976,110
TXN_23912,20250503,ACC_1386,103,New Business,Monthly Recurring,4999,59988,224
TXN_23913,20260929,ACC_1328,104,New Business,Annual Prepaid,12500,150000,180
TXN_23914,20260619,ACC_1347,101,New Business,Annual Prepaid,499,5988,198
TXN_23915,20260620,ACC_1366,104,New Business,Annual Prepaid,12500,150000,244
TXN_23916,20250427,ACC_1146,103,New Business,Monthly Recurring,4999,59988,210
TXN_23917,20250505,ACC_1236,104,New Business,Annual Prepaid,12500,150000,217
TXN_23918,20250321,ACC_1324,102,Contraction,Monthly Recurring,-599,-7188,138
TXN_23919,20260531,ACC_1095,104,Expansion,Annual Prepaid,15625,187500,48
TXN_23920,20260207,ACC_1381,104,Renewal,Annual Prepaid,12500,150000,164
TXN_23921,20260306,ACC_1300,103,Expansion,Monthly Recurring,6248,74976,233
TXN_23922,20250809,ACC_1030,103,Renewal,Monthly Recurring,4999,59988,86
TXN_23923,20250208,ACC_1242,101,Churn,Monthly Recurring,-499,-5988,7
TXN_23924,20260314,ACC_1327,103,New Business,Monthly Recurring,4999,59988,185
TXN_23925,20251017,ACC_1072,102,Churn,Annual Prepaid,-1499,-17988,40
TXN_23926,20250307,ACC_1355,103,New Business,Annual Prepaid,4999,59988,195
TXN_23927,20260603,ACC_1347,104,Expansion,Annual Prepaid,18750,225000,241
TXN_23928,20261103,ACC_1268,103,Renewal,Monthly Recurring,4999,59988,210
TXN_23929,20260515,ACC_1114,102,Contraction,Annual Prepaid,-599,-7188,118
TXN_23930,20260120,ACC_1174,104,New Business,Annual Prepaid,12500,150000,199
TXN_23931,20250116,ACC_1305,102,New Business,Annual Prepaid,1499,17988,184
TXN_23932,20251205,ACC_1108,104,Renewal,Annual Prepaid,12500,150000,84
TXN_23933,20260916,ACC_1076,104,Renewal,Monthly Recurring,12500,150000,248
TXN_23934,20260630,ACC_1075,102,New Business,Annual Prepaid,1499,17988,170
TXN_23935,20260420,ACC_1396,103,Expansion,Annual Prepaid,9998,119976,108
TXN_23936,20260108,ACC_1091,103,Expansion,Monthly Recurring,7498,89976,46
TXN_23937,20260415,ACC_1031,101,Expansion,Monthly Recurring,998,11976,18
TXN_23938,20251223,ACC_1209,102,Renewal,Monthly Recurring,1499,17988,72
TXN_23939,20260412,ACC_1327,103,Expansion,Annual Prepaid,9998,119976,225
TXN_23940,20250119,ACC_1242,101,Contraction,Annual Prepaid,-199,-2388,233
TXN_23941,20250412,ACC_1368,102,Contraction,Annual Prepaid,-599,-7188,85
TXN_23942,20260216,ACC_1300,103,Renewal,Annual Prepaid,4999,59988,165
TXN_23943,20261107,ACC_1116,102,Contraction,Monthly Recurring,-599,-7188,66
TXN_23944,20260323,ACC_1304,102,Renewal,Annual Prepaid,1499,17988,175
TXN_23945,20250228,ACC_1306,104,New Business,Annual Prepaid,12500,150000,207
TXN_23946,20250314,ACC_1237,102,Renewal,Annual Prepaid,1499,17988,85
TXN_23947,20260717,ACC_1225,102,New Business,Annual Prepaid,1499,17988,168
TXN_23948,20250623,ACC_1280,101,Contraction,Monthly Recurring,-199,-2388,82
TXN_23949,20260420,ACC_1135,104,Renewal,Annual Prepaid,12500,150000,207
TXN_23950,20260604,ACC_1060,101,Renewal,Annual Prepaid,499,5988,175
TXN_23951,20251017,ACC_1058,101,Contraction,Annual Prepaid,-199,-2388,204
TXN_23952,20250412,ACC_1022,103,Renewal,Annual Prepaid,4999,59988,151
TXN_23953,20250923,ACC_1261,103,Churn,Monthly Recurring,-4999,-59988,131
TXN_23954,20250620,ACC_1293,103,Expansion,Monthly Recurring,9998,119976,230
TXN_23955,20260108,ACC_1291,103,Renewal,Monthly Recurring,4999,59988,179
TXN_23956,20250604,ACC_1262,103,Renewal,Monthly Recurring,4999,59988,171
TXN_23957,20260220,ACC_1035,103,Expansion,Annual Prepaid,6248,74976,222
TXN_23958,20260301,ACC_1027,103,New Business,Annual Prepaid,4999,59988,58
TXN_23959,20250212,ACC_1336,101,New Business,Annual Prepaid,499,5988,161
TXN_23960,20250512,ACC_1266,102,Churn,Annual Prepaid,-1499,-17988,87
TXN_23961,20251202,ACC_1132,104,New Business,Annual Prepaid,12500,150000,190
TXN_23962,20250505,ACC_1316,102,Contraction,Monthly Recurring,-599,-7188,107
TXN_23963,20250321,ACC_1247,103,Expansion,Monthly Recurring,9998,119976,53
TXN_23964,20250618,ACC_1344,102,New Business,Monthly Recurring,1499,17988,248
TXN_23965,20260422,ACC_1236,103,New Business,Annual Prepaid,4999,59988,77
TXN_23966,20250910,ACC_1088,103,New Business,Annual Prepaid,4999,59988,179
TXN_23967,20260221,ACC_1399,101,New Business,Annual Prepaid,499,5988,226
TXN_23968,20260425,ACC_1329,104,Expansion,Monthly Recurring,25000,300000,24
TXN_23969,20250119,ACC_1081,102,New Business,Annual Prepaid,1499,17988,116
TXN_23970,20250527,ACC_1387,103,Churn,Annual Prepaid,-4999,-59988,178
TXN_23971,20251014,ACC_1336,104,Expansion,Annual Prepaid,15625,187500,38
TXN_23972,20260602,ACC_1287,104,Expansion,Annual Prepaid,25000,300000,100
TXN_23973,20251030,ACC_1200,104,New Business,Annual Prepaid,12500,150000,211
TXN_23974,20260713,ACC_1375,103,Renewal,Monthly Recurring,4999,59988,180
TXN_23975,20250127,ACC_1158,102,New Business,Monthly Recurring,1499,17988,217
TXN_23976,20260606,ACC_1397,103,Renewal,Annual Prepaid,4999,59988,210
TXN_23977,20260222,ACC_1165,102,Renewal,Annual Prepaid,1499,17988,45
TXN_23978,20250325,ACC_1118,104,Renewal,Annual Prepaid,12500,150000,175
TXN_23979,20261023,ACC_1334,104,Renewal,Monthly Recurring,12500,150000,61
TXN_23980,20260212,ACC_1347,102,Expansion,Annual Prepaid,1873,22476,224
TXN_23981,20260628,ACC_1106,103,New Business,Annual Prepaid,4999,59988,78
TXN_23982,20251017,ACC_1244,103,New Business,Annual Prepaid,4999,59988,81
TXN_23983,20250214,ACC_1314,101,Expansion,Annual Prepaid,998,11976,204
TXN_23984,20260806,ACC_1201,101,Renewal,Annual Prepaid,499,5988,234
TXN_23985,20260120,ACC_1389,101,Renewal,Annual Prepaid,499,5988,226
TXN_23986,20250828,ACC_1287,103,Renewal,Annual Prepaid,4999,59988,131
TXN_23987,20251108,ACC_1085,103,New Business,Annual Prepaid,4999,59988,6
TXN_23988,20251120,ACC_1074,104,Expansion,Annual Prepaid,25000,300000,89
TXN_23989,20260408,ACC_1279,101,New Business,Monthly Recurring,499,5988,240
TXN_23990,20250611,ACC_1293,102,New Business,Annual Prepaid,1499,17988,187
TXN_23991,20250430,ACC_1373,101,Renewal,Annual Prepaid,499,5988,165
TXN_23992,20250826,ACC_1160,101,Renewal,Annual Prepaid,499,5988,224
TXN_23993,20260715,ACC_1067,104,New Business,Monthly Recurring,12500,150000,111
TXN_23994,20250210,ACC_1008,104,Expansion,Monthly Recurring,15625,187500,113
TXN_23995,20250319,ACC_1256,102,Expansion,Monthly Recurring,2998,35976,200
TXN_23996,20260301,ACC_1321,104,Contraction,Monthly Recurring,-5000,-60000,192
TXN_23997,20251031,ACC_1306,101,Expansion,Monthly Recurring,998,11976,157
TXN_23998,20260914,ACC_1135,102,Renewal,Monthly Recurring,1499,17988,131
TXN_23999,20250215,ACC_1313,102,Expansion,Annual Prepaid,2998,35976,62
TXN_24000,20250218,ACC_1013,101,Renewal,Annual Prepaid,499,5988,99
TXN_24001,20250110,ACC_1145,104,New Business,Monthly Recurring,12500,150000,8
TXN_24002,20250722,ACC_1224,101,New Business,Annual Prepaid,499,5988,63
TXN_24003,20251208,ACC_1196,102,Contraction,Monthly Recurring,-599,-7188,24
TXN_24004,20260421,ACC_1149,103,Expansion,Annual Prepaid,7498,89976,192
TXN_24005,20250223,ACC_1053,104,Expansion,Annual Prepaid,25000,300000,238
TXN_24006,20250610,ACC_1291,104,Churn,Annual Prepaid,-12500,-150000,19
TXN_24007,20260723,ACC_1287,103,New Business,Annual Prepaid,4999,59988,11
TXN_24008,20260923,ACC_1389,102,New Business,Annual Prepaid,1499,17988,61
TXN_24009,20251011,ACC_1072,102,Renewal,Annual Prepaid,1499,17988,60
TXN_24010,20251111,ACC_1175,103,Renewal,Annual Prepaid,4999,59988,127
TXN_24011,20250502,ACC_1066,101,Renewal,Annual Prepaid,499,5988,206
TXN_24012,20261011,ACC_1383,104,Expansion,Monthly Recurring,15625,187500,55
TXN_24013,20250907,ACC_1327,102,New Business,Annual Prepaid,1499,17988,43
TXN_24014,20260112,ACC_1183,104,Contraction,Monthly Recurring,-5000,-60000,89
TXN_24015,20250206,ACC_1243,102,New Business,Annual Prepaid,1499,17988,198
TXN_24016,20261102,ACC_1319,103,New Business,Annual Prepaid,4999,59988,233
TXN_24017,20260715,ACC_1217,104,Renewal,Annual Prepaid,12500,150000,127
TXN_24018,20260105,ACC_1303,101,New Business,Monthly Recurring,499,5988,248
TXN_24019,20250716,ACC_1099,104,New Business,Annual Prepaid,12500,150000,224
TXN_24020,20250323,ACC_1264,103,Renewal,Monthly Recurring,4999,59988,180
TXN_24021,20250408,ACC_1385,104,Expansion,Monthly Recurring,15625,187500,210
TXN_24022,20260220,ACC_1259,103,New Business,Annual Prepaid,4999,59988,144
TXN_24023,20250306,ACC_1335,102,Expansion,Monthly Recurring,2248,26976,60
TXN_24024,20260326,ACC_1191,103,New Business,Annual Prepaid,4999,59988,163
TXN_24025,20261105,ACC_1353,104,New Business,Annual Prepaid,12500,150000,148
TXN_24026,20250917,ACC_1181,103,New Business,Annual Prepaid,4999,59988,103
TXN_24027,20250523,ACC_1214,103,Expansion,Annual Prepaid,6248,74976,176
TXN_24028,20260715,ACC_1277,101,New Business,Monthly Recurring,499,5988,31
TXN_24029,20261101,ACC_1287,104,New Business,Monthly Recurring,12500,150000,67
TXN_24030,20250908,ACC_1128,104,Expansion,Monthly Recurring,15625,187500,183
TXN_24031,20260131,ACC_1229,103,New Business,Annual Prepaid,4999,59988,135
TXN_24032,20260913,ACC_1083,103,New Business,Annual Prepaid,4999,59988,123
TXN_24033,20261028,ACC_1394,102,Contraction,Monthly Recurring,-599,-7188,135
TXN_24034,20260727,ACC_1062,103,Contraction,Annual Prepaid,-1999,-23988,106
TXN_24035,20260314,ACC_1269,104,Renewal,Monthly Recurring,12500,150000,232
TXN_24036,20261105,ACC_1111,102,Expansion,Annual Prepaid,2998,35976,201
TXN_24037,20250408,ACC_1051,102,New Business,Monthly Recurring,1499,17988,174
TXN_24038,20250917,ACC_1056,101,Expansion,Annual Prepaid,623,7476,74
TXN_24039,20250609,ACC_1020,102,New Business,Annual Prepaid,1499,17988,109
TXN_24040,20260108,ACC_1140,102,Renewal,Annual Prepaid,1499,17988,50
TXN_24041,20260506,ACC_1217,104,New Business,Annual Prepaid,12500,150000,20
TXN_24042,20250319,ACC_1148,102,Expansion,Monthly Recurring,1873,22476,76
TXN_24043,20250304,ACC_1275,102,Expansion,Annual Prepaid,1873,22476,227
TXN_24044,20260603,ACC_1233,102,New Business,Annual Prepaid,1499,17988,207
TXN_24045,20260722,ACC_1343,103,Contraction,Annual Prepaid,-1999,-23988,153
TXN_24046,20251019,ACC_1287,101,Contraction,Annual Prepaid,-199,-2388,71
TXN_24047,20250919,ACC_1184,103,New Business,Annual Prepaid,4999,59988,92
TXN_24048,20260608,ACC_1145,101,Expansion,Monthly Recurring,623,7476,173
TXN_24049,20260805,ACC_1148,104,Expansion,Monthly Recurring,18750,225000,99
TXN_24050,20250513,ACC_1028,103,Expansion,Annual Prepaid,7498,89976,35
TXN_24051,20250815,ACC_1284,103,Renewal,Annual Prepaid,4999,59988,80
TXN_24052,20250502,ACC_1117,101,Expansion,Monthly Recurring,748,8976,95
TXN_24053,20260609,ACC_1184,104,New Business,Annual Prepaid,12500,150000,38
TXN_24054,20250218,ACC_1247,103,Renewal,Monthly Recurring,4999,59988,184
TXN_24055,20260130,ACC_1370,104,Expansion,Annual Prepaid,18750,225000,211
TXN_24056,20251230,ACC_1035,102,New Business,Annual Prepaid,1499,17988,27
TXN_24057,20260127,ACC_1152,103,Contraction,Annual Prepaid,-1999,-23988,208
TXN_24058,20260225,ACC_1382,101,New Business,Annual Prepaid,499,5988,170
TXN_24059,20260811,ACC_1249,102,Expansion,Annual Prepaid,2248,26976,210
TXN_24060,20250428,ACC_1034,103,New Business,Annual Prepaid,4999,59988,147
TXN_24061,20250717,ACC_1358,104,Expansion,Annual Prepaid,18750,225000,56
TXN_24062,20250101,ACC_1129,102,Renewal,Annual Prepaid,1499,17988,149
TXN_24063,20260210,ACC_1112,104,Contraction,Annual Prepaid,-5000,-60000,103
TXN_24064,20260116,ACC_1159,104,Expansion,Annual Prepaid,25000,300000,122
TXN_24065,20260608,ACC_1281,103,Renewal,Annual Prepaid,4999,59988,220
TXN_24066,20250114,ACC_1319,103,Expansion,Annual Prepaid,9998,119976,203
TXN_24067,20261020,ACC_1348,102,Churn,Annual Prepaid,-1499,-17988,116
TXN_24068,20250716,ACC_1023,103,New Business,Annual Prepaid,4999,59988,47
TXN_24069,20260413,ACC_1076,102,Expansion,Annual Prepaid,1873,22476,129
TXN_24070,20260521,ACC_1007,103,Renewal,Annual Prepaid,4999,59988,25
TXN_24071,20260517,ACC_1252,102,Expansion,Annual Prepaid,2998,35976,110
TXN_24072,20250522,ACC_1041,103,New Business,Annual Prepaid,4999,59988,107
TXN_24073,20260730,ACC_1107,103,Expansion,Annual Prepaid,6248,74976,241
TXN_24074,20261030,ACC_1176,103,Expansion,Monthly Recurring,6248,74976,187
TXN_24075,20250609,ACC_1369,101,Expansion,Monthly Recurring,623,7476,76
TXN_24076,20250411,ACC_1380,102,Contraction,Monthly Recurring,-599,-7188,119
TXN_24077,20260901,ACC_1289,101,Churn,Annual Prepaid,-499,-5988,178
TXN_24078,20260101,ACC_1096,101,Churn,Annual Prepaid,-499,-5988,56
TXN_24079,20251004,ACC_1396,102,Renewal,Annual Prepaid,1499,17988,198
TXN_24080,20250721,ACC_1181,101,Contraction,Annual Prepaid,-199,-2388,132
TXN_24081,20250126,ACC_1159,102,Expansion,Annual Prepaid,1873,22476,11
TXN_24082,20260217,ACC_1167,104,Expansion,Monthly Recurring,15625,187500,198
TXN_24083,20260810,ACC_1002,103,Expansion,Monthly Recurring,6248,74976,231
TXN_24084,20250115,ACC_1049,101,Expansion,Annual Prepaid,748,8976,21
TXN_24085,20261018,ACC_1022,104,Expansion,Annual Prepaid,25000,300000,16
TXN_24086,20260226,ACC_1289,102,New Business,Annual Prepaid,1499,17988,87
TXN_24087,20251121,ACC_1055,103,Renewal,Annual Prepaid,4999,59988,31
TXN_24088,20260629,ACC_1165,102,New Business,Annual Prepaid,1499,17988,175
TXN_24089,20250307,ACC_1286,101,Expansion,Annual Prepaid,623,7476,93
TXN_24090,20261026,ACC_1229,104,Churn,Monthly Recurring,-12500,-150000,246
TXN_24091,20250730,ACC_1223,101,Expansion,Monthly Recurring,998,11976,122
TXN_24092,20250914,ACC_1370,102,Expansion,Annual Prepaid,2998,35976,93
TXN_24093,20261013,ACC_1053,104,Expansion,Annual Prepaid,18750,225000,98
TXN_24094,20260107,ACC_1263,102,Contraction,Monthly Recurring,-599,-7188,143
TXN_24095,20250908,ACC_1037,102,New Business,Annual Prepaid,1499,17988,127
TXN_24096,20251119,ACC_1263,104,Renewal,Annual Prepaid,12500,150000,101
TXN_24097,20251111,ACC_1092,104,Renewal,Annual Prepaid,12500,150000,242
TXN_24098,20250419,ACC_1174,103,Expansion,Annual Prepaid,7498,89976,59
TXN_24099,20260930,ACC_1155,103,New Business,Monthly Recurring,4999,59988,143
TXN_24100,20250619,ACC_1005,102,Expansion,Monthly Recurring,2248,26976,142
TXN_24101,20251113,ACC_1028,103,Contraction,Monthly Recurring,-1999,-23988,140
TXN_24102,20250417,ACC_1178,101,Expansion,Monthly Recurring,748,8976,51
TXN_24103,20260613,ACC_1153,104,Expansion,Annual Prepaid,25000,300000,70
TXN_24104,20251127,ACC_1339,102,Expansion,Annual Prepaid,1873,22476,230
TXN_24105,20250831,ACC_1018,103,New Business,Annual Prepaid,4999,59988,21
TXN_24106,20260903,ACC_1223,102,Expansion,Annual Prepaid,1873,22476,191
TXN_24107,20250213,ACC_1274,101,Renewal,Monthly Recurring,499,5988,144
TXN_24108,20260216,ACC_1104,101,Expansion,Annual Prepaid,998,11976,135
TXN_24109,20250205,ACC_1299,102,Renewal,Annual Prepaid,1499,17988,78
TXN_24110,20250112,ACC_1306,103,New Business,Monthly Recurring,4999,59988,156
TXN_24111,20260717,ACC_1086,103,Churn,Annual Prepaid,-4999,-59988,245
TXN_24112,20260328,ACC_1205,102,Expansion,Annual Prepaid,1873,22476,143
TXN_24113,20261111,ACC_1087,102,New Business,Annual Prepaid,1499,17988,136
TXN_24114,20250807,ACC_1080,103,Renewal,Annual Prepaid,4999,59988,219
TXN_24115,20260602,ACC_1195,102,New Business,Annual Prepaid,1499,17988,62
TXN_24116,20260302,ACC_1337,102,Expansion,Annual Prepaid,2248,26976,202
TXN_24117,20250715,ACC_1371,103,Renewal,Annual Prepaid,4999,59988,113
TXN_24118,20260507,ACC_1324,104,Expansion,Annual Prepaid,18750,225000,87
TXN_24119,20250813,ACC_1265,101,Expansion,Monthly Recurring,623,7476,177
TXN_24120,20250724,ACC_1376,103,Expansion,Annual Prepaid,7498,89976,163
TXN_24121,20250324,ACC_1278,102,New Business,Annual Prepaid,1499,17988,75
TXN_24122,20260930,ACC_1037,104,Expansion,Annual Prepaid,25000,300000,199
TXN_24123,20251101,ACC_1200,103,New Business,Monthly Recurring,4999,59988,212
TXN_24124,20260123,ACC_1282,101,New Business,Annual Prepaid,499,5988,62
TXN_24125,20250320,ACC_1105,104,Renewal,Annual Prepaid,12500,150000,132
TXN_24126,20260725,ACC_1137,102,Expansion,Annual Prepaid,2248,26976,128
TXN_24127,20250220,ACC_1088,101,Renewal,Monthly Recurring,499,5988,165
TXN_24128,20260101,ACC_1337,102,New Business,Annual Prepaid,1499,17988,234
TXN_24129,20250926,ACC_1342,102,New Business,Annual Prepaid,1499,17988,26
TXN_24130,20250823,ACC_1345,103,Renewal,Annual Prepaid,4999,59988,140
TXN_24131,20260119,ACC_1353,102,Renewal,Annual Prepaid,1499,17988,187
TXN_24132,20261013,ACC_1061,104,Renewal,Monthly Recurring,12500,150000,38
TXN_24133,20260422,ACC_1193,103,Contraction,Annual Prepaid,-1999,-23988,210
TXN_24134,20250709,ACC_1081,102,New Business,Annual Prepaid,1499,17988,237
TXN_24135,20250617,ACC_1392,102,New Business,Monthly Recurring,1499,17988,156
TXN_24136,20251002,ACC_1038,102,Expansion,Monthly Recurring,1873,22476,100
TXN_24137,20250530,ACC_1062,103,Expansion,Annual Prepaid,7498,89976,69
TXN_24138,20250610,ACC_1310,102,New Business,Monthly Recurring,1499,17988,109
TXN_24139,20250618,ACC_1278,104,New Business,Annual Prepaid,12500,150000,11
TXN_24140,20251213,ACC_1085,103,Renewal,Annual Prepaid,4999,59988,88
TXN_24141,20251221,ACC_1223,101,Contraction,Annual Prepaid,-199,-2388,56
TXN_24142,20260612,ACC_1368,104,New Business,Annual Prepaid,12500,150000,150
TXN_24143,20250319,ACC_1175,104,New Business,Annual Prepaid,12500,150000,41
TXN_24144,20260726,ACC_1232,104,Expansion,Annual Prepaid,15625,187500,207
TXN_24145,20260207,ACC_1322,102,Expansion,Annual Prepaid,1873,22476,94
TXN_24146,20260406,ACC_1094,104,New Business,Annual Prepaid,12500,150000,154
TXN_24147,20251006,ACC_1353,101,New Business,Annual Prepaid,499,5988,83
TXN_24148,20260422,ACC_1354,102,New Business,Annual Prepaid,1499,17988,51
TXN_24149,20260819,ACC_1260,104,Renewal,Annual Prepaid,12500,150000,10
TXN_24150,20260318,ACC_1398,103,Renewal,Annual Prepaid,4999,59988,61
TXN_24151,20250903,ACC_1193,101,New Business,Annual Prepaid,499,5988,118
TXN_24152,20251118,ACC_1282,101,Expansion,Monthly Recurring,748,8976,232
TXN_24153,20251010,ACC_1281,102,Expansion,Monthly Recurring,2998,35976,15
TXN_24154,20250426,ACC_1382,104,Churn,Annual Prepaid,-12500,-150000,19
TXN_24155,20250212,ACC_1291,103,New Business,Annual Prepaid,4999,59988,173
TXN_24156,20261024,ACC_1303,102,Churn,Monthly Recurring,-1499,-17988,168
TXN_24157,20260420,ACC_1101,103,Renewal,Annual Prepaid,4999,59988,76
TXN_24158,20250314,ACC_1060,101,New Business,Monthly Recurring,499,5988,142
TXN_24159,20260314,ACC_1246,101,Contraction,Annual Prepaid,-199,-2388,249
TXN_24160,20260120,ACC_1087,103,New Business,Annual Prepaid,4999,59988,144
TXN_24161,20250904,ACC_1372,102,Expansion,Annual Prepaid,2998,35976,215
TXN_24162,20260701,ACC_1365,101,New Business,Annual Prepaid,499,5988,178
TXN_24163,20250909,ACC_1139,101,New Business,Annual Prepaid,499,5988,89
TXN_24164,20250820,ACC_1219,102,Renewal,Monthly Recurring,1499,17988,67
TXN_24165,20260114,ACC_1237,101,Expansion,Annual Prepaid,748,8976,61
TXN_24166,20250802,ACC_1301,103,Expansion,Annual Prepaid,9998,119976,35
TXN_24167,20250216,ACC_1206,102,Expansion,Annual Prepaid,2998,35976,76
TXN_24168,20250510,ACC_1159,104,New Business,Annual Prepaid,12500,150000,137
TXN_24169,20250510,ACC_1135,104,Churn,Monthly Recurring,-12500,-150000,7
TXN_24170,20251223,ACC_1298,104,New Business,Annual Prepaid,12500,150000,149
TXN_24171,20260331,ACC_1384,103,Renewal,Monthly Recurring,4999,59988,182
TXN_24172,20260407,ACC_1042,101,Churn,Annual Prepaid,-499,-5988,244
TXN_24173,20250508,ACC_1115,102,Contraction,Annual Prepaid,-599,-7188,157
TXN_24174,20250324,ACC_1369,103,Renewal,Annual Prepaid,4999,59988,191
TXN_24175,20260603,ACC_1116,102,New Business,Annual Prepaid,1499,17988,223
TXN_24176,20251110,ACC_1192,102,Expansion,Annual Prepaid,2998,35976,140
TXN_24177,20260805,ACC_1357,103,Expansion,Annual Prepaid,9998,119976,112
TXN_24178,20260517,ACC_1024,104,New Business,Annual Prepaid,12500,150000,208
TXN_24179,20260816,ACC_1380,104,New Business,Monthly Recurring,12500,150000,195
TXN_24180,20260119,ACC_1286,103,New Business,Annual Prepaid,4999,59988,122
TXN_24181,20250723,ACC_1056,101,Contraction,Annual Prepaid,-199,-2388,62
TXN_24182,20250406,ACC_1266,102,Renewal,Annual Prepaid,1499,17988,11
TXN_24183,20260704,ACC_1072,101,New Business,Annual Prepaid,499,5988,125
TXN_24184,20250608,ACC_1089,104,Expansion,Annual Prepaid,15625,187500,45
TXN_24185,20250206,ACC_1037,101,Contraction,Annual Prepaid,-199,-2388,194
TXN_24186,20250519,ACC_1146,102,Expansion,Annual Prepaid,2998,35976,124
TXN_24187,20260505,ACC_1386,103,Expansion,Annual Prepaid,6248,74976,232
TXN_24188,20250318,ACC_1007,104,Renewal,Monthly Recurring,12500,150000,78
TXN_24189,20260414,ACC_1271,101,New Business,Monthly Recurring,499,5988,211
TXN_24190,20250626,ACC_1270,101,Contraction,Monthly Recurring,-199,-2388,133
TXN_24191,20250805,ACC_1125,103,Contraction,Annual Prepaid,-1999,-23988,18
TXN_24192,20250326,ACC_1116,101,Renewal,Monthly Recurring,499,5988,124
TXN_24193,20260703,ACC_1340,104,New Business,Monthly Recurring,12500,150000,156
TXN_24194,20260324,ACC_1271,104,New Business,Annual Prepaid,12500,150000,98
TXN_24195,20251013,ACC_1233,104,New Business,Annual Prepaid,12500,150000,115
TXN_24196,20250525,ACC_1319,102,Expansion,Annual Prepaid,2248,26976,243
TXN_24197,20260611,ACC_1092,104,New Business,Annual Prepaid,12500,150000,122
TXN_24198,20250914,ACC_1369,103,New Business,Monthly Recurring,4999,59988,91
TXN_24199,20260724,ACC_1393,104,Expansion,Annual Prepaid,18750,225000,113
TXN_24200,20250922,ACC_1141,103,New Business,Annual Prepaid,4999,59988,53
